BMA1003-1,立足點〈1本〉,,聖經協會,01-01-2000,,962-513-068-3,
BMA1004-2,立足點〈2本〉,,聖經協會,01-01-2000,,962-513-068-3,
BMA8231,智慧的追尋--箴言書註解,保羅．納遜,種籽,01-01-2000,,962-230-162-1,
BMA8841,最後的啟示,馬有藻,華訓,01-01-2000,,957-8536-04-6,
BMB1002,乳香,微塵,星光,01-01-2000,,,
BMB1003-1,奔向日出,考門夫人,基督使者,01-01-2000,,957-9085-86-2,
BMB1003-2,奔向日出,考門夫人,基督使者,01-01-2000,,957-9085-86-2,
BMB1004,日日與主同行,愛閒思,台福傳播,01-01-2000,,957-587-077-8,
BMB1005,荊刺中的玫瑰,周聯華,台灣基督教,01-01-2000,15.00,957-9186-15-4,澳幣
BMB1301,心靈之旅,李佳民,道聲,01-01-2000,,957-9085-69-2,
BMC1103,由初信到成長,陳終道,宣道,01-01-2000,,962-244-441-5,
BMC1203,信仰邊看邊學,佐藤．彰,校園,01-01-2000,,957-587-520-6,
BMC1701,探索,劉志信,天恩,01-01-2000,12.00,957-8536-63-1,
BMC1704,聖經中的婦女,史祈生,宣道,01-01-2000,,962-244-436-9,
BMC3001-1,從幔內到營外(上),林曾秀芬,天恩,01-01-2000,,957-8536-33-X,
BMC3002,從幔內到營外(下),林曾秀芬,天恩,01-01-2000,,957-8536-34-8,
BMC3702,隱密處的寶藏,撒督．孫大索,北美,01-01-2000,,,
BMC5001,清晨之光,吳勇,宇宙光,01-01-2000,,957-727-001-8,
BMC5002,真理之光,吳勇,宇宙光,01-01-2000,,957-727-059-X,
BMC5003,生命之光,吳勇,宇宙光,01-01-2000,,957-727-060-3,
BMC5501,我手寫我心,楊東川,恩奇,01-01-2000,,962-7146-23-4,
BMC5502,敗中求勝,周神助,橄欖,01-01-2000,,957-556-199-6,
BMC6001,從聖經來「談運說命」,葉明翰,大光,01-01-2000,,957-9349-82-7,
BMC6501,殊途同歸,黎登奧,中國主日,01-01-2000,,957-550-121-7,
BMC6502,認識佛教,龔天民,平安,01-01-2000,,957-587-452-8,
BMC7010,福音出擊 (Conspiracy of kindness),史提夫．索格侖(S Sjogren),天恩,01-01-2000,,957-8536-53-4,
BMC8001,路標,騰近輝,宣道,01-01-2000,,962-244-052-5,
BMC8003,改變生命的教學Teaching to Change Lives,霍華．韓君時,中國主日,01-01-2000,,957-550-013-X,
BMC8004,改變生命的學習The 7 Laws of the Learner,布魯斯．魏金生,中國主日,01-01-2000,,957-550-140-3,
BMC8102,五重福音,趙鏞基,以琳,01-01-2000,,957-9507-46-5,
BMD1001,曠野的經歷,羅學川,橄欖,01-01-2000,,957-556-041-8,
BMD1002,回到第一格,葛禮聖,橄欖,01-01-2000,11.00,957-556-184-8,澳幣
BMD1006,聖經好看好懂,石田 弘著 賴勝烈譯,校園,01-01-2000,,957-587-527-3,
BMD1103,表裡一致,高力富,校園,01-01-2000,7.00,,澳幣
BMD1201,生命的侍奉,騰近輝,宣道,01-01-2000,,962-244-207-2,
BMD1202,氣質的更新,黎曦庭,宣道,01-01-2000,10.00,962-244-220-X,澳幣
BMD1503,基督徒的生活藝術,洛克．赫南,基督教改革宗翻譯,01-01-2000,,957-99951-3-3,
BMD1505,完全成聖,撒督．孫大索,北美愛修更新會,01-01-2000,,,
BMD4501,團隊服事,艾弗遜,以琳,01-01-2000,,957-9507-08-2,
BMD4502,飲於能力之源,騰近輝,宣道,01-01-2000,,962-244-063-0,
BMD4503,羊圈內外,曾家彬,恩奇,01-01-2000,,962-7146-21-8,
BMD4505,直奔標竿-成目標導向教會,華理克,基督使者,01-01-2000,,1-882324-16-1,
BMD8004,遊歷天堂五天半,柯柏西,橄欖,01-01-2000,,957-556-026-4,
BMD8502,預言之光,史伯誠,美國見證,01-01-2000,,0-942164-55-5,
BMD8503,另一個世界的秘密,董芳苑,宇宙光,01-01-2000,,957-9695-62-8,
BMD8506,死亡九分鐘,喬治．李齊,中國主日學,01-01-2000,,,
BME1001,靈命雙翼(Praying the scriptures),柯渥(J Cornwall),橄欖,01-01-2000,,957-556-124-4,
BME1502,祈禱出來的能力(Power throuhg prayer),邦茲(E M Bounds),宣道,01-01-2000,8.00,962-244-453-9,
BME5002,神所揀選的禁食(God's chosen fast),約瑟．華理斯(A Wallis),以琳,01-01-2000,,957-9507-09-0,
BME8002,你可以確實為別人代禱,柯普基,橄欖,01-01-2000,,957-556-337-9,
BMF1001,找回真我,麥詹姆,天恩,01-01-2000,,957-8536-51-8,
BMF1002,你也能輔助受創者,愛維萊特,校園,01-01-2000,130.00,957-587-015-8,
BMF2020,祖先遺傳的醫治,羅勃狄格南,橄欖,01-01-2000,,957-556-346-8,
BMF2501,醫治受創的童年,麥詹姆夫婦,天恩,01-01-2000,,957-8536-08-9,
BMF3001,探索自尊,麥詹姆(1),天恩,01-01-2000,,957-8536-72-0,
BMF3003,面對失落,麥詹姆(3),天恩,01-01-2000,,957-8536-73-9,
BMF3005,強化關係,麥詹姆(5),天恩,01-01-2000,,957-8536-82-8,
BMF3007,化解憤怒,麥詹姆(7),天恩,01-01-2000,,957-8536-83-6,
BMF3502,饒恕的藝術,珍妮特．洛克比,學園,01-01-2000,10.00,957-9483-54-X,澳幣
BMF3503,了解自己,奧思本,中國主日,01-01-2000,11.00,957-550-103-9,澳幣
BMF4501,苦難中得安慰,伊莉莎白．艾略特,學園,01-01-2000,,957-8972-20-2,
BMF6004,與你同行,,校園,01-01-2000,,,
BMG1401,絕處逢神,隆梅爾,天恩,01-01-2000,,957-8536-10-0,
BMG1802,問問上帝,許開明,聖經協會,01-01-2000,,962-7409-03-0,
BMG2001,釐定個人目標,陳李穎,證道,01-01-2000,,962-202-409-2,
BMG7002,"婚姻輔導學(Marriage, divorce, and remarriage in the bible)",傑伊．亞當斯(Jay E Adams),大光,01-01-2000,,,
BMG7101,婚姻大補帖,葉高芳,宇宙光,01-01-2000,260.00,957-727-089-1,
BMG7502,好牽手(The good couple life),"Lynn Liontos, Demetri Liontos",天恩,01-01-2000,,957-9466-16-5,
BMG7503,夫妻與主同行(Quiet times for parents),賴諾曼(Wright),台福,01-01-2000,24.00,1-885216-06-8,
BMG7506,致偉立書(Letters to Philip),查理．薛(Charlies Shedd),証道,01-01-2000,,962-202-221-9,
BMG7507,致嘉蘭書(Letters to Karen),查理．薛(Charlies Shedd),証道,01-01-2000,,,
BMG7510-1,天長地久,鄧敏,證主,01-01-2000,,957-9189-32-3,
BMG8102,在婚姻中成長,張資寧,天恩,01-01-2000,,957-8536-38-0,
BMG8103,好父母(Parenting: a skills training),葛露易(Louise F Guerney),天恩,01-01-2000,,957-9466-15-7,
BMG8201,吾家兒女初長成,黃文雄,台福,01-01-2000,,1-885216-18-1,
BMG8202,父母與主同行(Quiet Times for Parents),賴諾曼(H Norman Wright),台福傳播,01-01-2000,24.00,1-885216-19-X,
BMG8203,他們做對了,葛莉亞,台福傳播,01-01-2000,,1-885216-00-9,
BMG8901,與青少年坦誠交談(Preparing for Adolescence),詹姆斯．道森(James Dobson),大光,01-01-2000,9.00,957-8917-23-6,
BMH4103,高雄貓王---繆學理傳奇,多位作者(3),宇宙光,01-01-2000,,957-727-068-9,
BMH4105,看不見天堂的悲劇,多位作者(5),宇宙光,01-01-2000,,957-727-079-4,
BMH4107,延平布農山地情,多位作者(7),宇宙光,01-01-2000,,957-727-081-6,
BMH4109,大苦苓的神蹟,多位作者(9),宇宙光,01-01-2000,4.00,957-727-083-2,
BMH4110,傳愛的檳城,多位作者(10),宇宙光,01-01-2000,,957-727-084-0,
BMH4111,我的家鄉我的夢,多位作者(11),宇宙光,01-01-2000,,957-727-085-9,
BMH4112,瘋狗浪奪走我的孩子,多位作者(12),宇宙光,01-01-2000,,957-727-086-7,
BMH4153,我的心路歷程,李登輝等等,宇宙光,01-01-2000,,957-969-526-1,
BMH4300,生命的再思,葉特生,宣道,01-01-2000,,,
BMH4301,珍珠中的獨白,滌然,宣道,01-01-2000,,962-244-098-3,
BMH4302,永不止息,滌然,宣道,01-01-2000,,962-244-416-4,
BMH4400,豐收傳奇,加克．史密司,台福,01-01-2000,,188-521-607-6,
BMH4401,苦難中的驚奇,沈瑞雲、周淑慧,台福,01-01-2000,,957-970-294-2,
BMH4402,生命活泉,劉富理等等,台福,01-01-2000,,,
BMH4509,密室,彭柯麗,更新傳道,01-01-2000,,156-582-012-6,
BMH4510,暗室之后,蔡蘇娟,星辰,01-01-2000,,962-366-045-6,
BMH4521,豐盛的恩典,本仁約翰,改革宗,01-01-2000,,,
BMH7001,換軌,滌然,宣道,01-01-2000,,962-244-096-7,
BMA6540,以馬忤斯 -約翰福音(上),麥當奴,以馬杵斯,12-11-2000,,,
BMA6541,以馬忤斯 -約翰福音(下),麥當奴,以馬杵斯,12-11-2000,,957-97410-5-0,
BMA6620,以馬忤斯 -腓立比書,麥當奴,以馬杵斯,12-11-2000,,,
BMA6640,以馬忤斯 -歌羅西書,麥當奴,以馬杵斯,12-11-2000,,,
BMA6740,以馬忤斯 -雅各書,麥當奴,以馬杵斯,12-11-2000,,,
BMA6840,以馬忤斯 -啟示錄,麥當奴,以馬杵斯,12-11-2000,,,
BMA6520,以馬忤斯 -馬可福音,麥當奴,以馬杵斯,06-03-2001,,957-97223-7-4,
BMB1901-1,每日研經釋義2001年第一季,,台灣讀經會,06-03-2001,,,
BMB1901-2,每日研經釋義2001年第一季,,台灣讀經會,06-03-2001,,,
BMC3103,如果沒有耶穌(What if Jesus had never been born?),甘雅各(Kennedy)、傑利紐康(Newcombe),橄欖,06-03-2001,,957-556-364-6,
BMC3104,如果沒有聖經(What if the bible had never been written?),甘雅各(Kennedy)、傑利紐康(Newcombe),橄欖,06-03-2001,,957-556-365-4,
BMD5001,兒童與復興,藍凡恩,以琳,06-03-2001,,957-9183-50-3,
BMD5002,就是現在,查理．科理斯葛,以琳,06-03-2001,,957-9183-54-6,
BMF4502,等待另一個日出,溫小平,天恩,06-03-2001,10.00,957-0326-56-5,澳幣
BMG5701,天生領導(The 21 indispensable qualities of a leader),約翰．麥斯威爾(J Maxwell),基石,06-03-2001,11.00,09702399-2-0,
BMG8002,小樹則栽-作你孩子的心靈同伴(Becoming spiritual soulmates with your child),布魯斯(Robert Bruce & Debra Bruce),中國主日學,06-03-2001,250.00,957-550-2329-9,
BMA5040,丁道爾-民數記,溫漢,校園,01-03-2003,280.00,957-587-762-4,
BMA5070,丁道爾-士師記路得記,昆達、莫理斯,校園,01-03-2003,330.00,957-587-764-0,
BMA5260,丁道爾-以賽亞書,莫德,校園,01-03-2003,520.00,957-587-710-1,
BMA5760,丁道爾-彼得前書,顧韋恩,校園,01-03-2003,240.00,957-587-468-4,
BMA5800-2,丁道爾-約翰書信,斯托得,校園,01-03-2003,250.00,957-587-699-7,
BMB1027,"行在水面上(If you want to walk on Water, You've got to get out of the Boat)",奧伯格,校園,01-03-2003,280.00,957-587-767-5,
BMC7601,克服傳福音的恐懼,白利德,學園,01-03-2003,160.00,957-8972-56-3,
BMC8702,葡萄樹的秘密-心靈札記,魏肯生,證主,01-03-2003,220.00,962-8810-09-X,
BMC8703,葡萄樹的秘密-總題研習,魏肯生,證主,01-03-2003,160.00,962-8810-10-3,
BMD1991,品德塑造珍本第一冊：如何培養專注,,培基文教基金,01-03-2003,150.00,,
BMD1992,品德塑造珍本第二冊：如何培養順服,,培基文教基金,01-03-2003,150.00,,
BMD1993,品德塑造珍本第三冊：如何培養感恩的心,,培基文教基金,01-03-2003,150.00,,
BMD1994,品德塑造珍本第四冊：如何培養誠實,,培基文教基金,01-03-2003,150.00,,
BMD1996,品德塑造珍本第六冊：如何培養殷勤,,培基文教基金,01-03-2003,150.00,,
BMD1999,如何明暸屬靈恩賜,,培基文教基金,01-03-2003,150.00,,
BMD3101,第一世紀教會與家庭的七重能力,高維理,培基文教基金,01-03-2003,200.00,986-80054-0-X,
BMD4507,以一不能蓋全,葛瑞．麥金塔,華神,01-03-2003,300.00,957-0471-12-3,
BME6101,如何為妳自己禱告,史多美．奧瑪森,以琳,01-03-2003,280.00,986-7750-04-7,
BME8003,在禱告中成為同伴,約翰．麥斯威爾,以琳,01-03-2003,220.00,986-7750-02-0,
BME8509,天天為孩子禱告(Praying the Bible for Your Children),考柏夫婦(David Kopp & Heather Kopp),校園,01-03-2003,250.00,957-587-765-9,
BME8510,天天為孩子禱告(Praying the Bible for Your Children),考柏夫婦(David Kopp & Heather Kopp),校園,01-03-2003,250.00,957-587-765-9,
BMF3500,過猶不及(Boundaries),亨利．克勞德(Henry Clound)、約翰．湯森德(John Townsend),台福傳播,01-03-2003,370.00,188521631-9,
BMG1301,神未應許天色常藍,傑克．海福德,雅歌,01-03-2003,150.00,986-7955-20-X,
BMG2998,真善美基要生活原則講座教科書(Research in Principles of Life: Basic seminar),高維理(Bill Gothard),培基文教基金,01-03-2003,,,
BMG2999,真善美基要生活原則講座跟進課程,,培基文教基金,01-03-2003,200.00,,
BMG6500,兩次約會見真章(Two dates or less),尼爾．克拉克．華倫(Neil Clark Warren),基石,01-03-2003,150.00,0-9702399-9-8,
BMG7505,重建者指南,,培基文教基金,01-03-2003,500.00,957-98014-3-6,
BMG8909,投資家庭也是一種事業,范大陵,雅書堂,01-03-2003,200.00,,
BMG8999,邁向真成功-全家一起培養真品格,,培基文教基金,01-03-2003,400.00,,
BMG9505,男士手冊第二冊,,培基文教基金,01-03-2003,800.00,957-98014-0-1,
BMG9999,建立合乎聖經標準的交友觀,,培基文教基金,01-03-2003,150.00,,
BMH4506,從憂鬱飛向陽光,何方,天下文化,01-03-2003,250.00,957-621-891-8,
BMH4515,陌生人,李家同,聯經,01-03-2003,170.00,957-081-794-1,
BMB1007,非你莫屬(上冊) Jesus Wants All of Me,韋伯誠(Oswald Chambers),橄欖、真理,08-03-2003,,957-556-389-1,贈送
BMB1008,非你莫屬(下冊) Jesus Wants All of Me,韋伯誠(Oswald Chambers),橄欖、真理,08-03-2003,,957-556-410-3,贈送
SMB0008,讓愛走動,,讚美之泉Stream of Praise Music,08-01-2004,,957-28820-1-5,
SMB9001,一首心中的歌,,房角石,08-01-2004,,,
SMB9002,看不見的喜樂,,伊甸社會福利基金會,08-01-2004,,,
SMB9003,活著是奇蹟,,沙崙音樂工作室,08-01-2004,,,
BMA5230-2,丁道爾-箴言,柯德納,校園,11-01-2004,,957-587-437-4,
BMA5560-2,丁道爾-羅馬書,布魯斯,校園,11-01-2004,,957-587-176-6,贈送
BMA5580-2,丁道爾-哥林多前書,莫理斯,校園,11-01-2004,,957-587-343-2,贈送
BMA5690,丁道爾-教牧書信,古特立,校園,11-01-2004,,957-587-825-6,贈送
BMA8011,創世啟示,亨利‧布洛謝,華神,11-01-2004,,957-9337-99-3,
BMC3714,信徒神學,沈介山,華神,11-01-2004,,957-0471-02-6,贈送
BMC8005,新編講道法(The New Homiletics),周聯華(Lien Hwa Chow),台灣基督教,11-01-2004,,957-9186-02-2,贈送
BMC8902,極致的愛-解讀«受難記» (Experiencing the Passion of Jesus),史特博(Lee Strobel)、蓋瑞普(Garry Poole),橄欖,11-01-2004,,957-556-519-3,江淑敏贈
BMG9506,我心狂野(Wild at Heart),艾傑奇(John Eldredge),校園,11-01-2004,,957-587-835-3,贈送
JMZ200400,恩雨之聲-福音工具推介,,恩雨之聲,11-01-2004,,,
BMD8505,靈魂面面觀,陳俊偉,台福,03-07-2004,,1-885216-46-7,
BME1503,親愛主，牽我手-認識禱告真義(With open hands),盧雲,基道,09-08-2004,,962-7048-98-4,
BME3001,心應心-真摯傾情的禱告(Heart speaks to heart),盧雲,基道,09-08-2004,,962-7048-81-X,
BME6001,隱密處的靈交(In the secret of his presence),G.H. Knight,晨星,09-08-2004,,962-366-070-7,
BMH4522,亞當-神的愛子(Adam - God's beloved),盧雲,基道,09-08-2004,,962-467-154-6,
BMD4102,屬靈的領導(Spiritual Leadership For The New Millennium),趙鏞基,以琳,02-01-2005,200.00,986-7750-47-0,
SMB0100,GLOW系列(1):差遣我Send me Lord,,讚美之泉Stream of Praise Music,02-01-2005,200.00,957-28820-4-X,
BMA7001,聖經提要(第一卷):創世記至以斯帖書,台灣福音書房,台灣福音書房,02-04-2005,105.00,,
BMA7002,聖經提要(第二卷):約伯記至但以理書,台灣福音書房,台灣福音書房,02-04-2005,105.00,,
BMA7003,聖經提要(第三卷):何西阿書至瑪拉基書,台灣福音書房,台灣福音書房,02-04-2005,105.00,,
BMA7004,聖經提要(第四卷):馬太福音至使徒行傳,台灣福音書房,台灣福音書房,02-04-2005,105.00,,
BMB1101,神話扎心- 31篇感動人心的靈修(Pierced by the Word - Thirty one Meditations for Your Soul),約翰‧派博(John Piper),橄欖、聖經,02-04-2005,250.00,986-80882-0-6,台幣
BMG6504,真愛真性福(What's the Big Deal? About Sex),柏吉姆(Jim Burgen),雅歌,02-04-2005,180.00,986-7955-67-6,
BMG8902,塑造好男孩-培育下一代男人(Bringing up Boys),詹姆斯．杜布森(James Dobson),證主,02-04-2005,655.00,962-8810-56-1,
BMA2201,耶穌時期的猶太風土(Daily Life at the Time of Jesus),美莉安‧瓦摩許,中國主日學,02-06-2005,500.00,957-550-286-8,
BMH4205,愛上飛翔的班長(Flying with a Dream),連加恩,校園,02-06-2005,90.00,957-587-857-4,
BMA5540,丁道爾-約翰福音,柯魯斯,校園,02-06-2005,336.00,957-587-879-5,
BMD4401,N世代領導5C (The Next Generation Leader - Five essentials for those who will shape the future),安迪‧史坦力(Andy Stanley),中國主日學,02-06-2005,250.00,957-550-304-X,
BMF1102,聖經輔導入門-輔導原則與實踐的基本指南(Introduction to Biblical Counseling),偉恩‧麥克(Wayne A Mack),華神,02-06-2005,640.00,957-0471-34-4,
BMF2503,家庭會傷人-自我重生的新契機(Bradshaw On: The family - A Revolutionary Way of Self-Discovery),約翰‧布雷蕭(John Bradshaw),張老師文化,02-06-2005,220.00,957-693-085-5,
BMF4503,做傷心人的好朋友-關懷者實用錦囊(Helping people through Grief),戴勞爾‧肯寧(Delores Kuernning),中國主日學,02-06-2005,332.00,957-550-289-2,
BMH4200-2,"科學大師的求學，戀愛興理念(Biographies of great scientists: Their schooling, romance and belief)",張文亮 (Wen-Lian Chang),校園,02-06-2005,190.00,957-587-492-7,
BMH4505,中流砥柱--倪柝聲傳(Against The Tide - The Story of Watchman Nee),金彌耳(Angus L Kinnear),中國主日學,02-06-2005,300.00,957-550-295-7,
BMH7003,新天路歷程(New Pilgrim's Progress),本仁約翰(John Bunyan),宣道,02-06-2005,208.00,962-244-434-2,
BMA8581,聖經信息系列--哥林多前書,普瑞爾(David Prior),校園,03-06-2005,,957-587-583-4,陳郁芳贈
BMH4520-2,愛呆西非連加恩,連加恩,圓神,02-09-2005,176.00,986-133-001-1,
BMH1101,聖經的故事(The Story of the Bible),亨德里克‧房龍(Hendrik William Van Loon),好書,02-09-2005,239.00,957-455-680-8,
BMG5751,生活在愛中的秘訣,包約翰,道聲,03-10-2005,,957-9085-63-3,
BMH7391,我彷彿看見天使跳舞 (I can see angels dancing)（含VCD天降神賓，CD與天使共舞）,Billy Grahame、林君城、孫寶年、陳純純、陳盛富、Fulton Oursler、張修文、金明瑋、汪啟疆、林慧冠,宇宙光,01-01-2006,,102-552-57,
SMB0010,單單只為你 For you alone (附CD&DVD),,讚美之泉Stream of Praise Music,01-01-2006,,957-28820-5-8,
BMB1004,新荒漠甘泉,考門夫人,海天書樓,03-03-2006,,962-399-073-1,黃月瓊贈送
BMG8701-2,按照聖經教導子女 (Bring up Children biblically),劉志雄夫婦,道聲,03-03-2006,150.00,957-0368-93-4,
BMF1003,為什麼我不敢告訴你我是誰,包約翰,道聲,07-03-2006,,957-9085-10-2,
BMA8311,天道聖經註釋 -- 但以理書,鄺炳釗,天道書樓,03-10-2006,,962-20/-172-X,
BMC7510-1,宣教路上見主恩,嚴佩姍等,中信國際差會,03-10-2006,,988-983-772-2,
BMC7510-2,宣教路上見主恩,嚴佩姍等,中信國際差會,03-10-2006,,988-983-772-2,
BMC7510-3,宣教路上見主恩,嚴佩姍等,中信國際差會,03-10-2006,,988-983-772-2,
BMC7510-4,宣教路上見主恩,嚴佩姍等,中信國際差會,03-10-2006,,988-983-772-2,
BMF2510,勇敢的拿下面具 (Dropping your guard),查理‧司溫德爾 (Charles R Swindoll),大光,03-10-2006,,657-8917-60-0,
BMG7504,牽手一世情 (Holding hands for a lifetime),劉志雄夫婦,道聲,03-10-2006,,957-0368-64-0,
BMG7509,牽手一世情 (Holding hands for a lifetime),劉志雄夫婦,道聲,03-10-2006,,957-0368-64-0,
BMH4524,馬偕博士在台灣 (George L Mackay D D in Taiwan),陳宏文,中國主日學,03-10-2006,,957-550-200-0,
BMB1401,靈命躍進50天 (50 Days for a Soaring Vision),雷克．喬納 (Rick Joyner),以琳,05-05-2007,200.00,986-7750-95-0,台幣
BMD4506,顛覆世界的教會 (The Upside-Down Church),葛列格．勞瑞 (Greg Laurie),雅歌,05-05-2007,250.00,986-7955-12-9,台幣
BMH7899-1,貝果小姐 幸福的秘密,許慰慈,生活人文,05-05-2007,,986-127-524-X,
BMH7899-2,貝果小姐 幸福的秘密,許慰慈,生活人文,05-05-2007,,986-127-524-X,
BMZ1502,吃的科學觀,安德爾．戴維絲,世界文物,03-10-2007,,,
BMH7321,聖經遇見小故事,劉良淑,校園,11-04-2008,220.00,978-957-587994-5,", NTD"
BMB1013,每日靈糧新約系列4-約翰福音,,台北靈量堂,05-05-2008,,710739-186543,
BMB1031,每日靈糧新約系列4-約翰福音,,台北靈量堂,05-05-2008,,710739-186543,
BMG1007,呼召過聖潔的生活,勞威廉,橄欖基金會,05-05-2008,,957-556-021-3,
XBM0001,365兒童聖經故事,瑪利巴卓拿著 余佩貞譯,天道書樓,12-08-2008,,962-208-138-x,
BMF4438,讓愛天長地久-愛的分享故事集(含傾訴心情CD一片、互動e體驗DVD光碟一片),,蒲公英希望基金會,03-11-2009,,,
BMH4531,兒童床邊聖經故事（Ethel Barretttells Bible stories to children Volume1）,艾蓓德著 金培文譯,中國主日學協會,03-11-2009,,957-550112-8,張曉歡贈
BMH4030,歐風美雨襲中華－推動中國走初中事記得十二個西洋人略傳,顧長生,長青文化公司,13-11-2009,20.00,0939083-70-1,USD
BMH9008,愛的信念,蘇拾瑩,啟示出版,06-01-2010,,,贈送
BMH9009,抉擇的智慧,蘇拾瑩,啟示出版,06-01-2010,,,贈送
BMH9010,抉擇的智慧,蘇拾瑩,啟示出版,06-01-2010,,,贈送
BMD4005,台福基督教會信仰、法規、實踐--卷一：信仰,,台福,08-08-2011,,,
BMD4006,台福基督教會信仰、法規、實踐--卷二：法規,,台福,08-08-2011,,,
BMD4007,台福基督教會信仰、法規、實踐--卷三：實踐,,台福,08-08-2011,,,
BMB1012,聖經一年通,司托德著、陳恩明譯,海天書樓,13-01-2008,,978-962-399163-6,
BMC1105,重尋聖潔（Rediscovering Holiness）,巴刻(J I Packer),天道書樓,13/01/2008,23.00,962-208-541-5,澳幣
BMC7602,一針見血的福音（組長本）,蘇穎智,全心出版社,13/01/2008,,988-976-938-7,
BMC7603,一針見血的福音（組員本）,蘇穎智,全心出版社,13/01/2008,,988-980-834-x,
BMC7604,價值觀重整之旅（組長本）,蘇穎智,全心出版社,13/01/2008,15.00,988-976-934-4,
BMC7605,價值觀重整之旅（組員本）,蘇穎智,全心出版社,13/01/2008,,988-976-933-6,
BMC8306,基要52課查經（上冊）,李漢文,宣道出版社,13/01/2008,,962-244-579-9,
BMH4121,赤地之穗,多位作者,中國與福音出版社,13/01/2008,10.00,957-9642-08-7,澳幣
BMH8001,佳美腳蹤-兩百年來宣教士走過的中華歲月,余文生、德恩等著,中信,13/01/2008,,988-983-773-0,
BMZ8003,遊戲無限-60個互動互樂遊戲,王詠詩、郭燕玲,學生福音團契出版社,13/01/2008,,962-8838-46-6,
BMZ8004,遊戲無限-101個創意遊戲,王詠詩、郭燕玲,學生福音團契出版社,13/01/2008,,962-8838-41-5,
BMH9007,一念之間-100個心靈故事,蘇拾瑩,啟示出版,14/06/2006,,986-7470-02-8,贈送
BMC5081,否定中的肯定,高金田,宇宙光,14/07/2005,,,陳恩惠贈
BMC7901,上帝给中国人的应许(God's Promise to the Chinese) [簡體](上帝給中國人的應許),李美基、鮑博瑞、唐妙娟,Canaanland,14/07/2005,,,陳恩惠贈
BMC7902,根(Roots) [簡體],文弟兄,Canaanland,14/07/2005,,962-7857-05-X,陳恩惠贈
BMC7903,上帝與中國古人--給現代中國人的福音[簡體],王敬之,中國神學,14/07/2005,,0-937869-02-3,陳恩惠贈
BMC7904,中國哲學的重構,梁燕城,宇宙光,14/07/2005,,957-727-219-3,陳恩惠贈
BMC7905,文化中國 -蓄勢待發,梁燕城,宇宙光,14/07/2005,,957-727-216-9,陳恩惠贈
BMC7906,窺探我心-梁燕城真情手扎,梁燕城,宇宙光,14/07/2005,,957-727-217-7,陳恩惠贈
BMC7941,重回庚子年,魏外揚,宇宙光,14/07/2005,,957-727-161-8,陳恩惠贈
BMD1007,神子民的操練--民數記中的神學教育,黃彼得,,14/07/2005,,,陳恩惠贈
BMF2201,性格密碼(True Colors),Roger Bikman,宇宙光,14/07/2005,,957-727-158-8,陳恩惠贈
BMF2211,我不再是同性戀(You don't have to be Gay),傑夫‧康雷德,宇宙光,14/07/2005,,957-727-133-2,陳恩惠贈
BMG5741,耶穌談領導-健全自我與獲得人心的竅門(Jesus CEO: using ancient wisdom for visionary leadership),蘿莉‧白‧瓊斯(Laurie Beth Jones),智庫,14/07/2005,,957-9553-95-5,陳恩惠贈
BMG6201,戀人還是朋友--分手療傷手冊(Let's Just Be Friends: Recovering from a broken relationship),諾曼‧萊特(H. Norman Wright),宇宙光,14/07/2005,,957727211-8,陳恩惠贈
BMG6202,真愛運動,林治平等,宇宙光,14/07/2005,,957-727-049-2,陳恩惠贈
BMG7104,真愛運動（增訂版）,林治平等,宇宙光,14/07/2005,,957-727-049-2,陳恩惠贈
BMG7901,婚前預備完全手冊-研習手冊(Preparing for Marriage - Personal Workbook),大衛‧波伊(David Boehi)、布蘭特‧尼爾森(Brent Nelson)、傑夫‧蕭特(Jeff Schulte)、李洛‧謝瑞奇(Lloyd Shadrach),學園,14/07/2005,,957-8972-57-1,陳恩惠贈
BMG7902,婚前預備完全手冊-帶領指南(Preparing for Marriage - Leader's Guide),大衛‧波伊(David Boehi)、布蘭特‧尼爾森(Brent Nelson)、傑夫‧蕭特(Jeff Schulte)、李洛‧謝瑞奇(Lloyd Shadrach),學園,14/07/2005,,957-8972-58-X,陳恩惠贈
BMG7903,婚前查經,J. Allan Peterson,天恩,14/07/2005,,957-9466-63-7,陳恩惠贈
BMG8102-2,在婚姻中成長,張資寧,天恩,14/07/2005,,957-8536-38-0,陳恩惠贈
BMG8703,但以理子女教育法(Daniel's Method of Bringing up Children),朴三順,道聲,14/07/2005,,986-7460-11-1,陳恩惠贈
BMG9501,智慧書--給畢業的你(Dear Graduate: Letters of Wisdom),查理士‧司溫德爾(Charles R Swindoll),以琳,14/07/2005,,957-9183-44-9,陳恩惠贈
BMG9701,聖經管理解碼-基礎概念篇(Business By the Book: the complete guide of Biblical principles for the workplace),賴瑞‧巴克(Larry Burkett),宇宙光,14/07/2005,,957-727-138-3,陳恩惠贈
BMG9702,聖經管理解碼-實際運作篇(Business By the Book: the complete guide of Biblical principles for the workplace),賴瑞‧巴克(Larry Burkett),宇宙光,14/07/2005,,957-727-140-5,陳恩惠贈
BMH4157,窯匠之泥--劉丁衡先生回憶錄,劉丁衡,宇宙光,14/07/2005,,957-727-128-6,陳恩惠贈
BMH4158,在恩典中成長,黃堅厚,宇宙光,14/07/2005,,957-727-169-X,陳恩惠贈
BMH4197,山頂上的舞台-奧伯阿瑪高公元兩千『耶穌受難劇』紀實(The Passion Play 2000 Oberammergau),依品凡,宇宙光,14/07/2005,,957-727-168-5,陳恩惠贈
BMH4198,網路情人夢(Katie.com: My story),凱瑟琳‧塔巴斯(Katherine Tarbox),宇宙光,14/07/2005,,957-727-134-0,陳恩惠贈
BMH4199,天使在我家(The Angel in My Family),張蓮娣、葉素玉,宇宙光,14/07/2005,,957-727-157-X,陳恩惠贈
BMH4599,铁人[簡體],陈倪威(Neivelle Tan),ekklesia,14/07/2005,,981-049-522-6,"陳恩惠贈, English Version available in Library"
BMH7305,方便書(05)大人物小秘密,周增祥,宇宙光,14/07/2005,,957-727-114-6,陳恩惠贈
BMH7309,方便書(09)電你一下,張曉風等等,宇宙光,14/07/2005,,957-727-126-X,陳恩惠贈
BMH7310,方便書(10)大人物小典故,周增祥,宇宙光,14/07/2005,,957-727-125-1,陳恩惠贈
BMH7311,方便書(11)看小品讀英文3,周增祥,宇宙光,14/07/2005,,957-727-124-3,陳恩惠贈
BMH7312,方便書(12)大家一起香,正宏,宇宙光,14/07/2005,,957-727-127-8,陳恩惠贈
BMH7313,方便書(13)日子像首歌,娃柔,宇宙光,14/07/2005,,957-727-148-0,陳恩惠贈
BMH7314,方便書(14)大人物小特寫,周增祥,宇宙光,14/07/2005,,957-727-150-2,陳恩惠贈
BMH7315,方便書(15)看小品讀英文4,周增祥,宇宙光,14/07/2005,,957-727-149-9,陳恩惠贈
BMZ8001,作文引導第一冊,陳正治、顏炳燿、鄭發明,國語日報,14/07/2005,,,陳恩惠贈
BMZ8002,教小朋友寫童詩 - 國小高年級適用,陳東和,光田出版社,14/07/2005,,,陳恩惠贈
BMH7320,聖經遇見小故事,劉良淑,校園,14/09/2008,220.00,978-957-587994-5,", NTD"
BMC1101-1,寫給信仰的追尋者（第七版）,藤近輝,宣道,15-10-2000,9.00,962-244-056-8,澳幣
BMC1101-2,寫給信仰的追尋者（第八版）,藤近輝,宣道,15-10-2000,9.00,962-244-056-8,澳幣
BMC3705,神永遠的計畫,葉宗義,浸宣,15-10-2000,,,
BMF3400,"再見,壓力",馬可貞、溫珍妮,大光,15-10-2000,7.00,957-516-030-4,澳幣
BMG8001,父母難為,約翰．懷特(John White),中國主日學,15-10-2000,12.00,,
BMH4502,收刀入鞘(Gaining a New Life),呂代豪(David Lu),大光,15-10-2000,,957-891-775-9,
BMH9010,就是要嫁給你 ( I will marry you),邱香遠,生活人文,15/08/2006,,986-127-387-5,
BMH9011,就是要嫁給你 ( I will marry you),邱香遠,生活人文,15/08/2006,,986-127-387-5,
SMB0005,全新的你 A New You,,讚美之泉Stream of Praise Music,15/08/2006,,,
SMB5013,飛翔,,救世傳播協會,15/08/2006,,,
SMB9201,三一敬拜系列 Trinity worship (1) - 超乎一切 I worship you in spirit and truth,,三一 Trinity,15/08/2006,11.00,,
SMB9501,感謝祢對我的愛 [附伴唱光碟],蔣麗萍,基恩敬拜音樂事工,15/08/2006,17.00,,
BMA8571,疑難待解之教會--哥林多前後書,Ralph P. Martin,台福傳播,16/11/2002,,1-885216-32-7,
BMA8591,別再偽裝--林後書靈訓,包樂,橄欖,16/11/2002,,957-556-157-0,
BMC7509,在鄉村忠心守望,,鄉城事工,16/11/2002,,,
BMD8501,聖經中的十大異象,滕近輝,宣道,16/11/2002,,962-244-208-0,
BME3105,在寶座前(The Plain Man's Book of Prayers),巴克萊(William Barclay),橄欖,16/11/2002,4.00,,澳幣
BMG2002,委身--生命的挑戰(Life commitment - the challenge of life),蘇穎睿、蘇劉君玉,證道,16/11/2002,,962-202-244-8,
BMH4503-1,最後14堂星期二的課,Mitch Albom,大塊文化,16/11/2002,,957-846-851-2,周淑慧牧師贈
BMH4503-2,最後14堂星期二的課,Mitch Albom,大塊文化,16/11/2002,,957-846-851-2,周淑慧牧師贈
BMH4503-3,最後14堂星期二的課,Mitch Albom,大塊文化,16/11/2002,,957-846-851-2,周淑慧牧師贈
BMH4503-4,最後14堂星期二的課,Mitch Albom,大塊文化,16/11/2002,,957-846-851-2,周淑慧牧師贈
BMH4503-5,最後14堂星期二的課,Mitch Albom,大塊文化,16/11/2002,,957-846-851-2,周淑慧牧師贈
BMH4503-6,最後14堂星期二的課,Mitch Albom,大塊文化,16/11/2002,,957-846-851-2,周淑慧牧師贈
BMH4508,熱愛靈魂的牧者,葉恩漢、丘福寧、張麗華等等,自版,16/11/2002,,,
BMA5010,丁道爾-創世記,柯德納,校園,16/12/2002,220.00,957-587-284-3,
BMA5020,丁道爾-出埃及記,高雅倫,校園,16/12/2002,260.00,957-587-657-1,
BMA5030,丁道爾-利未記,,校園,16/12/2002,290.00,957-587-,
BMA5050,丁道爾-申命記,湯普森,校園,16/12/2002,325.00,957-587-655-5,
BMA5060,丁道爾-約書亞記,希斯,校園,16/12/2002,400.00,957-587-696-2,
BMA5100,丁道爾-撒母耳記上、下,包德雯,校園,16/12/2002,350.00,957-587-732-2,
BMA5130,丁道爾-列王記上、下,魏茲曼,校園,16/12/2002,360.00,957-587-669-5,
BMA5200,丁道爾-以斯帖記,包德雯,校園,16/12/2002,140.00,957-587-617-2,
BMA5210,丁道爾-約伯記,安德生,校園,16/12/2002,290.00,957-587-427-7,
BMA5220,丁道爾-詩篇上,柯德納,校園,16/12/2002,290.00,957-587-461-7,
BMA5221,丁道爾-詩篇下,柯德納,校園,16/12/2002,270.00,957-587-462-5,
BMA5230-1,丁道爾-箴言,柯德納,校園,16/12/2002,220.00,957-587-437-4,
BMA5240,丁道爾-傳道書,伊頓,校園,16/12/2002,170.00,957-587-057-3,
BMA5250,丁道爾-雅歌,卡洛德,校園,16/12/2002,200.00,957-587-426-9,
BMA5270,丁道爾-耶利米書、耶利米哀歌,哈理遜,校園,16/12/2002,260.00,957-587-688-1,
BMA5320,丁道爾-何西阿書,赫伯特,校園,16/12/2002,240.00,957-587-576-1,
BMA5330,丁道爾-約珥書、阿摩司書,赫伯特,校園,16/12/2002,280.00,957-587-693-8,
BMA5370,丁道爾-俄巴底亞書、約拿書、彌迦書,貝克、亞歷山大、華奇,校園,16/12/2002,230.00,957-587-620-2,
BMA5410,丁道爾-那鴻書、哈巴谷書、西番亞書,貝克,校園,16/12/2002,140.00,957-587-559-1,
BMA5450,丁道爾-哈該書、撒迦利亞書、瑪拉基書,包德雯,校園,16/12/2002,250.00,957-587-560-5,
BMA5510,丁道爾-馬太福音,法蘭士,校園,16/12/2002,390.00,957-587-498-6,
BMA5520,丁道爾-馬可福音,柯勒,校園,16/12/2002,310.00,957-587-539-7,
BMA5530,丁道爾-路加福音,莫理斯,校園,16/12/2002,350.00,957-587-497-8,
BMA5550,丁道爾-使徒行傳,馬歇爾,校園,16/12/2002,350.00,957-587-158-8,
BMA5560-1,丁道爾-羅馬書,布魯斯,校園,16/12/2002,270.00,957-587-176-6,
BMA5580-1,丁道爾-哥林多前書,莫理斯,校園,16/12/2002,210.00,957-587-343-2,
BMA5590,丁道爾-哥林多後書,柯魯斯,校園,16/12/2002,210.00,957-587-449-8,
BMA5600,丁道爾-加拉太書,柯勒,校園,16/12/2002,240.00,957-587-748-9,
BMA5610,丁道爾-以弗所書,富克斯,校園,16/12/2002,220.00,957-587-734-9,
BMA5620,丁道爾-腓立比書,馬挺,校園,16/12/2002,190.00,957-587-675-X,
BMA5630,丁道爾-歌羅西書、腓立門書,賴特,校園,16/12/2002,190.00,957-587-430-7,
BMA5660,丁道爾-帖撒羅尼迦前後書,莫理斯,校園,16/12/2002,160.00,957-587-287-8,
BMA5740,丁道爾-雅各書,穆爾,校園,16/12/2002,190.00,957-587-178-2,
BMA5770,丁道爾-彼得後書、猶大書,格林,校園,16/12/2002,250.00,957-587-650-4,
BMA5800-1,丁道爾-約翰書信,斯托得,校園,16/12/2002,250.00,957-587-699-7,
BMA5840,丁道爾-啟示錄,莫理斯,校園,16/12/2002,225.00,957-587-037-9,
BMB1021,尋神啟事(Reaching for Invisible God),楊腓力(Phillip Yancey),校園,16/12/2002,330.00,957-587-736-5,
BMB1026,擁抱耶穌的心,麥克斯．路卡杜,校園,16/12/2002,250.00,957-587-706-3,
BMC1301,珍珠在握,史密斯,歸主,16/12/2002,120.00,957-556-326-3,台幣
BMC1706,扭轉乾坤的十三使徒,維哥夫諾,中國主日協會,16/12/2002,120.00,957-550-003-2,
BMC1707,聖經中的希伯來人(Hebrews in the Bible),禤浩榮,天道書樓,16/12/2002,470.00,962-85301-3-5,
BMC3701,人生問題總解,派特．羅伯森,大光,16/12/2002,328.00,957-660-032-4,
BMC8101,神學的故事,奧身森,校園,16/12/2002,576.00,957-587-758-6,
BMC8301,王國的建立,梁望惠,台灣基督教,16/12/2002,150.00,957-8959-12-5,
BMC8302,詩歌與智慧文學,梁望惠,台灣基督教,16/12/2002,150.00,957-8959-19-2,
BMC8303,耶穌生平,梁望惠,台灣基督教,16/12/2002,150.00,957-8349-20-3,
BMC8304,使徒行傳與保羅書信,梁望惠,台灣基督教,16/12/2002,150.00,957-8349-48-3,
BMC8305,門徒書信與啟示錄,梁望惠,台灣基督教,16/12/2002,150.00,957-8349-92-0,
BMC8307,先知書,梁望惠,台灣基督教,16/12/2002,150.00,,
BMC8308,律法書,梁望惠,台灣基督教,16/12/2002,150.00,957-8349-92-0,
BMC8901,永不止息的英雄榜,史坦．坎伯爾,大光,16/12/2002,147.00,957-516-132-7,
BMD4508,永恒的事奉 永恆的事奉,陳終道,宣道,16/12/2002,315.00,962-244-331-1,
BMG8801,尊榮父母，帶來祝福(The Tribute and the Promise),丹尼斯．雷尼、大衛．波伊(Dennis Rainey & David Boehi),學園,16/12/2002,320.00,957-8972-38-5,
BMH4512,五十年來(the Fifty years),王明道(Ming-Tao Wang),晨星,16/12/2002,239.00,962-366-050-2,
BMH7699,你很特別 - 注音版,陸可鐸 (Max Lucado),道聲,17-11-07,,,
BMB1014,永恆的讚美-詩篇零修365,華倫.衛斯比(Warren W Wiersbe),美國麥種傳道會,18-06-2008,280.00,1-93218404-x,石敏宏贈
BMB1015,褥子團契,奧柏格著,校園,18-06-2008,320.00,957-587-880-9,石敏宏贈
BMB1016,經歷神同在,亨利布克比,基石,18-06-2008,250.00,1-931652-01-s,石敏宏贈
BMB1017,清晨露滴,梁敏夫譯輯,道聲,18-06-2008,250.00,957-0368-20-9,石敏宏贈
BMC9000,耶穌的受難 - 基督受死的50個理由,約翰、派博(John Piper),美國麥種傳道會,18/06/2006,,1-932184-06-6,
BMD1106,你可以選擇祝福或詛咒,葉光明,靈糧,18/06/2008,220.00,957-98258-1-5,石敏宏贈
BMD8002,不可理喻的上帝,杜博生著 黃玉琴譯,中國主日學協會,18/06/2008,,957-550-222-1,石敏宏贈
BME1002,禱告,李常受,台灣福音書房,18/06/2008,150.00,957-513-024-3,石敏宏贈
BMF2021,罪疚全消,尼布斯、簡標著,種籽,18/06/2008,172.00,,台幣
BMD1105,神話語的權能（the tongue - a creative force）,查爾斯 凱普司著 郭敏華譯,道聲,18/10/2007,160.00,957-0368-45-4,
BMC8601-4,慕道班課程-我為何要信,蘇文隆,台福傳播,18/6/2006,,1-885216-12-2,
BMD1003,服事需要能力,賓路易師母,橄欖,18/8/2001,,957-556-340-9,
BMD1507,更新變化,張路得,天恩,18/8/2001,,957-8536-37-2,
BME8001,禱告的盾牌,彼得．魏格納,橄欖,18/8/2001,190.00,957-556-177-5,
BMG5702,與豪豬共舞(The delicate art of dancing with porcupines: learning to appreciate the finer points of others),鮑布．腓立普斯(B Phillips),校園,18/8/2001,,957-587-467-5,萬鍾兄贈
BMG7301,探索女人心,柯奈爾,中國主日學,18/8/2001,,957-550-227-2,
BMH4303,飛越太空，漫遊人生,簡建堂,宣道,18/8/2001,,962-244-646-9,
BMH7903,小屋（The Shack）,威廉保羅楊,寂寞,19/06/2010,,,
BMA2001,讀經的藝術,戈登．費依、道格樂思．史督華,華神,19/12/2002,240.00,957-9337-96-9,
BMA8431,再思歷史的主--哈巴谷書,鍾馬田,校園,19/12/2002,100.00,957-587-577-X,
BMB1023,何必上教會？,楊腓力(Phillip Yancey),校園,19/12/2002,160.00,957-587-721-7,
BMD2001,末日決戰,雷克．喬納,以琳,19/12/2002,180.00,957918352-X,
BMD2002,末日的呼召,雷克．喬納,以琳,19/12/2002,220.00,957-9183-67-8,
BMH4501,靈魂倖存者,楊腓力,Intellectual,19/12/2002,360.00,962-826-685-3,
BMH4514-1,一億元的婚姻,蘇拾瑩,新自然主義,21-12-03,,957-696-505-5,
BMH4514-2,一億元的婚姻,蘇拾瑩,新自然主義,21-12-03,,957-696-505-5,
BMH4516-1,哦，祂的愛！,孫務信,,21-12-03,,,
BMH4516-2,哦，祂的愛！,孫務信,,21-12-03,,,
BMH4516-3,哦，祂的愛！,孫務信,,21-12-03,,,
BMG7590,婚姻下半場-面對空巢期的八個挑戰(The Second Half of Marriage),安大偉 (David Arp)、安可蘭 (Clia Arp),美國麥種傳道會,21/.02/2005,340.00,1-932184-10-4,
BMB1201,耶穌會怎麼做？(WWJD today?),徐白瑞(Brian K Shipman),道聲,21/02/2005,298.00,986-7460-18-9,台幣
BMD4509,建立高EQ的教會(The Emotionally Healthy Church),彼得‧史卡吉羅(Peter Scazzero)、柏華倫(Warren Bird),美國麥種傳道會,21/02/2005,350.00,1-932184-07-4,
BME8504,家庭祭壇禱告手冊,台北靈糧堂,靈糧堂,21/02/2005,35.00,,
BMA9010,創世記卷一註釋,鄺炳釗,天道書樓,21/06/2006,756.00,962-208-291-2,
BMA9011,創世記卷二註釋,鄺炳釗,天道書樓,21/06/2006,662.00,962-208-329-3,
BMA9012,創世記卷三註釋,鄺炳釗,天道書樓,21/06/2006,606.00,962-208-357-9,
BMA9013,創世記卷四註釋,鄺炳釗,天道書樓,21/06/2006,567.00,962-208-379-X,
BMA9014,創世記卷五註釋,鄺炳釗,天道書樓,21/06/2006,511.00,962-208-380-3,
BMA9020,出埃及記註釋(卷上),賴建國,天道書樓,21/06/2006,606.00,962-208-588-1,
BMA9021,出埃及記註釋(卷下),賴建國,天道書樓,21/06/2006,606.00,962-208-589-X,
BMA9030,利未記註釋(卷上),洪同勉,天道書樓,21/06/2006,550.00,962-208-188-6,
BMA9031,利未記註釋(卷下),洪同勉,天道書樓,21/06/2006,455.00,962-208-194-0,
BMA9050,申命記註釋(卷上),劉少平,天道書樓,21/06/2006,494.00,962-208-551-2,
BMA9051,申命記註釋(卷下),劉少平,天道書樓,21/06/2006,567.00,962-208-522-9,
BMA9070,士師記註釋,曾祥新,天道書樓,21/06/2006,550.00,962-208-326-9,
BMA9100,撒母耳記上卷一註釋,詹正義,天道書樓,21/06/2006,532.00,962-208-432-X,
BMA9101,撒母耳記上卷二註釋,詹正義,天道書樓,21/06/2006,472.00,962-208-508-3,
BMA9130,列王記卷一註釋,李保羅,天道書樓,21/06/2006,609.00,962-208-543-1,
BMA9131,列王記卷二註釋,李保羅,天道書樓,21/06/2006,606.00,962-208-574-1,
BMA9132,列王記卷三註釋,李保羅,天道書樓,21/06/2006,606.00,962-208-590-3,
BMA9133,列王記卷四註釋,李保羅,天道書樓,21/06/2006,455.00,962-208-602-0,
BMA9180,以斯拉記註釋,區應毓,天道書樓,21/06/2006,417.00,962-208-328-5,
BMA9190,尼希米記註釋,邵晨光,天道書樓,21/06/2006,567.00,962-208-435-4,
BMA9210,約伯記註釋(卷上),唐佑之,天道書樓,21/06/2006,455.00,962-208-240-8,
BMA9211,約伯記註釋(卷下),唐佑之,天道書樓,21/06/2006,455.00,962-208-256-4,
BMA9220,詩篇卷一註釋,張國定,天道書樓,21/06/2006,662.00,962-208-387-0,
BMA9221,詩篇卷二註釋,張國定,天道書樓,21/06/2006,532.00,962-208-445-1,
BMA9222,詩篇卷三註釋,張國定,天道書樓,21/06/2006,606.00,962-208-542-3,
BMA9223,詩篇卷四註釋,張國定,天道書樓,21/06/2006,532.00,962-208-586-5,
BMA9230,箴言註釋,梁薇,天道書樓,21/06/2006,361.00,962-208-622-5,
BMA9250,雅歌註釋,黃朱倫,天道書樓,21/06/2006,378.00,962-208-305-6,
BMA9270,耶利米書註釋(卷上),唐佑之,天道書樓,21/06/2006,45.00,962-208-212-2,
BMA9271,耶利米書註釋(卷下),唐佑之,天道書樓,21/06/2006,494.00,962-208-616-0,
BMA9280,耶利米哀歌註釋,唐佑之,天道書樓,21/06/2006,259.00,962-208-267-X,
BMA9290,以西結書註釋(卷上),唐佑之,天道書樓,21/06/2006,494.00,962-208-617-9,
BMA9291,以西結書註釋(卷下),唐佑之,天道書樓,21/06/2006,494.00,962-208-618-7,
BMA9291-1,以西結書註釋(卷下),唐佑之,天道書樓,21/06/2006,494.00,962-208-61-7,
BMA9300,但以理書註釋,鄺炳釗,天道書樓,21/06/2006,434.00,962-208-172-X,
BMA9320,十二先知書註釋(一),唐佑之,天道書樓,21/06/2006,378.00,962-208-081-2,
BMA9321,十二先知書註釋(二),唐佑之,天道書樓,21/06/2006,378.00,962-208-615-2,
BMA9322,十二先知書註釋(三),唐佑之,天道書樓,21/06/2006,438.00,962-208-141-X,
BMA9323,十二先知書註釋(四),唐佑之,天道書樓,21/06/2006,511.00,962-208-164-9,
BMA9540,約翰福音註釋(卷上),鍾志邦,天道書樓,21/06/2006,567.00,962-208-565-2,
BMA9541,約翰福音註釋(卷下),鍾志邦,天道書樓,21/06/2006,494.00,962-208-603-9,
BMA9550,使徒行傳卷一註釋,張永信,天道書樓,21/06/2006,588.00,962-208-383-8,
BMA9551,使徒行傳卷二註釋,張永信,天道書樓,21/06/2006,623.00,962-208-426-5,
BMA9552,使徒行傳卷三註釋,張永信,天道書樓,21/06/2006,567.00,962-208-461-3,
BMA9560,羅馬書註釋(卷上),鮑會園,天道書樓,21/06/2006,361.00,962-208-208-4,
BMA9561,羅馬書註釋(卷下),鮑會園,天道書樓,21/06/2006,322.00,962-208-289-0,
BMA9580,哥林多前書註釋(卷上),黃浩儀,天道書樓,21/06/2006,455.00,962-208-558-X,
BMA9590,哥林多後書註釋,陳濟民,天道書樓,21/06/2006,455.00,962-208-566-0,
BMA9620,腓力比書註釋,馮蔭坤,天道書樓,21/06/2006,532.00,962-208-156-8,
BMA9630,歌羅西書註釋,鮑會園,天道書樓,21/06/2006,305.00,962-208-025-1,
BMA9660,帖撒羅尼迦前書註釋,馮蔭坤,天道書樓,21/06/2006,539.00,962-208-177-0,
BMA9670,帖撒羅尼迦後書註釋,馮蔭坤,天道書樓,21/06/2006,473.00,962-208-200-9,
BMA9680,提摩太前後書註釋,韓威廉,天道書樓,21/06/2006,266.00,962-208-170-3,
BMA9690,腓利門書註釋,黃浩儀,天道書樓,21/06/2006,278.00,962-208-229-7,
BMA9710,教牧書信註釋,張永信,天道書樓,21/06/2006,532.00,962-208-641-1,
BMA9720,希伯來書結構式研經註釋,李保羅,天道書樓,21/06/2006,378.00,962-208-462-1,
BMA9730,希伯來書註釋(卷上),馮蔭坤,天道書樓,21/06/2006,539.00,962-208-252-1,
BMA9731,希伯來書註釋(卷下),馮蔭坤,天道書樓,21/06/2006,567.00,962-208-253-X,
BMA9740,雅各書註釋,梁康民,天道書樓,21/06/2006,305.00,962-208-273-4,
BMA9760,彼得前書註釋,"張永信,張略",天道書樓,21/06/2006,522.00,962-208-301-3,
BMA9840,啟示錄註釋,鮑會園,天道書樓,21/06/2006,455.00,962-208-583-0,
BMB1032,團契人生,夏忠堅,道聲,21/06/2006,266.00,986-7460-44-8,
BMC1708,遇見耶穌,莊新泉,橄欖,21/06/2006,294.00,986-556-395-6,
BMC3720,整全佈道手冊,李鴻標,香港三元福音倍進佈道,21/06/2006,200.00,962-7653-62-4,
BMC8610-1,"目標導向教材(一)目標導向共4本(10-1,10-1a,10-1b,10-1c)",李順長,校園,21/06/2006,40.00,957-587-921-X,
BMC8610-10,"目標導向教材(十)團隊配搭共4本(10-10,10-10a,10-10b,10-10c)",李順長,校園,21/06/2006,40.00,957-587-930-9,
BMC8610-11,"目標導向教材(十一)美德建造共4本(10-11,10-11a,10-11b,10-11c)",李順長,校園,21/06/2006,40.00,957-587-931-7,
BMC8610-12,"目標導向教材(十二)小組繁殖共4本(10-12,10-12a,10-12b,10-12c)",李順長,校園,21/06/2006,40.00,957-587-932-5,
BMC8610-2,"目標導向教材(二)敬拜讚美共4本(10-2,10-2a,10-2b,10-2c)",李順長,校園,21/06/2006,40.00,957-587-922-8,
BMC8610-3,"目標導向教材(三)教會生活共4本(10-3,10-3a,10-3b,10-3c)",李順長,校園,21/06/2006,40.00,957-587-923-6,
BMC8610-4,"目標導向教材(四)門徒造就共4本(10-4,10-4a,10-4b,10-4c)",李順長,校園,21/06/2006,40.00,957-587-924-4,
BMC8610-5,"目標導向教材(五)委身服事共4本(10-5,10-5a,10-5b,10-5c)",李順長,校園,21/06/2006,40.00,957-587-925-2,
BMC8610-6,"目標導向教材(六)佈道宣教共4本(10-6,10-6a,10-6b,10-6c)",李順長,校園,21/06/2006,40.00,957-587-926-0,
BMC8610-7,"目標導向教材(七)天國子民共4本(10-7,10-7a,10-7b,10-7c)",李順長,校園,21/06/2006,40.00,957-587-927-9,
BMC8610-8,"目標導向教材(八)基本信仰共4本(10-8,10-8a,10-8b,10-8c)",李順長,校園,21/06/2006,40.00,957-587-928-7,
BMC8610-9,"目標導向教材(九)恩賜開發共4本(10-9,10-9a,10-9b,10-9c)",李順長,校園,21/06/2006,40.00,957-587-929-5,
BMD1517,十點十分的盛宴,畢約翰(John Piper),中主,21/06/2006,,957-550-320-1,
BMG8910,愛程-從開始到延伸,張子江,全腦教育,21/06/2006,259.00,988-97425-5-1,
BMZ2001,聖樂綜論(一),羅炳良,天道,21/06/2006,278.00,962-208-248-3,
BMZ2002,聖樂綜論(二),羅炳良,天道,21/06/2006,259.00,962-208-249-1,
BMZ2003,聖樂綜論(三),羅炳良,天道,21/06/2006,278.00,962-208-644-6,
BMC3203,聖經是神默示的嗎？,張郁嵐,台灣福音書房,21/12/2008,40.00,957-513-022-7,韻筑姐贈
BMH4403,當恩典遇見愛 - 台北台福教會70篇動人心弦的心靈故事與生命見證,林幸蓉 編,台福,22-07-07,,,
SMB9502,真愛之泉敬拜讚美專輯(一) 主愛伴一生 The Lord's Love Through My Life,,真愛之泉音樂事工,22-07-07,,,
BMC6801,我愛猶太人-給華人教會的一個挑戰(Jewish awareness - A Challenge to Chinese Churches),陳紫蘭(Sarach Chan),宣教,22/01/2005,,962-244-413-X,幸貞德贈
BMC8903,生命路之光-聖經研讀的預備與帶領,盧慈莉(Christine Dillon),,22/01/2005,,,幸貞德贈
BMC8904,不再一樣-改變生命的操練，察驗並活出神的旨意(Experiencing God - Knowing and doing the will of God),10,浸信會,22/01/2005,,962-933-043-1,幸貞德贈
BMA8842,VCD馬太福音(盒裝VCD共18片，含陳宗清著馬太福音書一本)已記錄於中文書冊BMA8842，有做超連結,陳宗清,校園,22/03/2008,,957-587939-2,
BMC7606,狀膽跟隨主,周淑慧,普世豐盛生命中心,22/03/2008,160.00,978-986-84061-0-0,", NTD"
BMC7607,狀膽跟隨主,周淑慧,普世豐盛生命中心,22/03/2008,160.00,978-986-84061-0-0,", NTD"
BMC6953,基督教與中國（2006第四輯 Volume IV）,王忠欣,恩福基金會,23/05/2008,,ISSN#1553-4219,
BMC7009,福音天軍降寶島-台灣鄉村宣道傳奇,台灣長宣/短宣勇士們,,23/08/2008,,978-1882324-61-3,
BMC3204,基督比喻精華,博愛思著 鍾越娜譯,美國活泉出版社,23/10/2008,380.00,1-883059-05-4,
BMA4001,以弗所書[卷一]--以弗所書一章 神終極的心意,鍾馬田著 潘秋松譯,美國活泉,23/11/2008,790.00,,
BMA4002,以弗所書[卷二]--以弗所書二章 神的和好之道,鍾馬田著 鍾月娜、潘秋松譯,美國活泉,23/11/2008,790.00,0-941598-62-4,
BMA4003,以弗所書[卷三]--以弗所書三章 基督那測不透的豐富,鍾馬田著 鍾月娜譯,美國活泉,23/11/2008,520.00,,
BMA4004,以弗所書[卷四]--以弗所書四章一節至十六節 在基督裡合一,鍾馬田著 鍾月娜譯,美國活泉,23/11/2008,520.00,0-883059-03-8,
BMA4005,以弗所書[卷五]--以弗所書四章十七節至五章十七節 黑暗與光明,鍾馬田著 鍾月娜譯,美國活泉,23/11/2008,790.00,1-883059-04-6,
BMA4006,以弗所書[卷六]--以弗所書五章十八節至六章九節 婚姻、家庭、工作。靈裡生活,鍾馬田著 鍾月娜譯,美國活泉,23/11/2008,490.00,,
BMA4007,以弗所書[卷七]--以弗所書六章十節至六章十三節 揭穿魔鬼的詭計，靈界爭戰的本質,鍾馬田著 潘秋松譯,美國活泉,23/11/2008,490.00,,
BMA4008,約翰福音第十七章的信息-救恩的確據（上）平裝本,鍾馬田著 潘秋松譯,美國活泉,23/11/2008,,0-941598-59-4,
BMA4009,約翰福音第十七章的信息-救恩的確據（下）精裝本,鍾馬田著 潘秋松譯,美國活泉,23/11/2008,,0-941598-73-X,
BMA9263,以賽亞書（三）,吳憲章,天道書樓,23/11/2008,,962-208-638-1,
BMA9264,以賽亞書（四）,吳憲章,天道書樓,23/11/2008,,978-962-208-664-7,
BMA9765,約翰壹貳參書（卷上）（約翰一二三書）（約翰一、二、三書）,吳宗道,天道書樓,23/11/2008,,978-962-208-677-7,
BMA9766,約翰壹貳參書（卷上）（約翰一二三書）（約翰一、二、三書）,吳宗道,天道書樓,23/11/2008,,978-962-208-685-2,
BMB1018,耶穌甚難之言--再認識耶穌,歐果維 著 鍾越娜譯,美國活泉,23/11/2008,,0-941598-51-9,
BMC3205,上帝之城（上）,奧古斯丁著 王曉朝譯,道風書社,23/11/2008,580.00,962832245-1,
BMC3206,上帝之城（中）,奧古斯丁著 王曉朝譯,道風書社,23/11/2008,580.00,962832261-3,
BMC3207,上帝之城（下）,奧古斯丁著 王曉朝譯,道風書社,23/11/2008,580.00,962832279-6,
BMC3208,基督教要義（上冊）,約翰加爾文著 徐慶譽譯,文藝,23/11/2008,680.00,962-294-063-3,
BMC3209,基督教要義（中冊）,約翰加爾文著 徐慶譽譯,文藝,23/11/2008,680.00,962-294-064-1,
BMC3210,基督教要義（下冊）,約翰加爾文著 徐慶譽譯,文藝,23/11/2008,680.00,962-294-065-X,
BMC6503,解毒後現代The Deathof Truth,麥卡倫 等著 南南南譯,校園,23/11/2008,300.00,957-587-787-X,
BMC6504,摩門教的真相--The Mormon Illusion,佛洛·麥克艾文 著 何菲菲譯,中國主日學協會,23/11/2008,160.00,957-550-028-8,
BMC6505,摩門教的真相--The Mormon Church,安克伯 偉爾登著 逸萍譯,天道書樓,23/11/2008,220.00,978-962-208-346-2,
BMC6506,耶和華見證人的真相--Jehovah's Witnesses,安克伯 偉爾登著 逸萍譯,天道書樓,23/11/2008,220.00,962-208-347-1,
BMC6507,回教與基督教的研究,陳潤棠,天道書樓,23/11/2008,380.00,962-208-033-2,
BMC6508,現存世界十一宗教,龔天民,校園,23/11/2008,,957-587-245-2,
BMC6521,真理異端真偽辨--透視中國教會異端問題,趙天恩 等,中福,23/11/2008,280.00,957-9642-52-4,
BMC6954,萬物之源-科學與聖經的結合,艾里爾A·羅斯著 鄧婷、郭慧、毛文傑譯,時兆出版社,23/11/2008,450.00,957-29162-2-X,
BMC6003,在基督裏的「闢邪妙方」,葉明翰,大光,24-05-09,250.00,957-9349-99-1,
BMC6004,從聖經來「談運說命」,葉明翰,大光,24-05-09,,957-9349-82-7,
BMC6005,從聖經來談「姓名與命運」,葉明翰,大光,24-05-09,,957-8368-16-x,
BMC6006,好風好水何處覓,葉明翰,大光,24-05-09,,957-475-027-2,
BMC6007,禁忌與沖煞,葉明翰,大光,24-05-09,,957-475-003-5,
BMC1709,建立與神的關係,朱植森牧師 (Rev Peter Chu),真道,24/01/2007,4.00,,澳幣
BMC3715,神的四重愛,朱植森牧師 (Rev Peter Chu),真道,24/01/2007,9.00,,澳幣
BMD1412,淺談基督徒生活教育,張秉聰,真道,24/01/2007,18.00,957-9466-49-1,澳幣
BMD1413,四種氣質 - 多血質 、黃膽質、黑膽質、黏液質,朱植森牧師 (Rev Peter Chu),真道,24/01/2007,9.00,,澳幣
BMG8503,勇於管教 (The new Dare to Discipline),詹姆斯．杜布森(James Dobson),愛家,24/01/2007,,957-30753-0-X,
SMB0011,寶貴十架 Precious cross 似乎在天堂 Just like Heaven,,讚美之泉Stream of Praise Music,24/01/2007,,957-28820-6-6,
BMC3716,舊約神學與訊息,陳俊偉,天道書樓,24/05/2008,,978-962-208-689-0,
BMD8509,靈魂面面觀（簡體中文版）,陳俊偉、謝文郁、樊美筠,中國社會科學出版社,24/05/2008,,7-5004-5344-2,
BMD4004,發展特色服事（Developing your shape to serve other）,易布雷•易蒂娜夫婦…,聖經資源中心,24/05/2011,,,
BMG1105,上帝的悄悄話,路卡杜著/鍾芥城譯,校園,24/05/2011,,,
BMG1105,一個星期五的6小時,路卡杜著/邱豔芳、呂底亞譯,校園,24/05/2011,,,
BMH4160,我到過天堂門口,哈伍•彼得門著 何曉東譯,大光,24/05/2011,,,
BMA8844,馬歇爾新約神學,馬歇爾著 潘秋松、林秀娟、蔡蓓譯,美國麥種,24/11/2008,,1-932184-12-0,
BMC1106,認識神（Knowing God）,巴刻(J I Packer),證主,24/11/2008,,978-962202-209-6,
BMC1107,傳福音與神的主權,巴刻(J I Packer) 趙中輝譯,改革宗,24/11/2008,,978-957-9642-67-5,
BMC3717,中東局勢與聖經預言-從無花果樹學個比方,陳希曾,活道,24/11/2008,300.00,957-9228-64-7,
BMC3718,沙塵中的榮耀-死海古卷與聖經,莊新泉,橄欖、聖經資源,24/11/2008,280.00,957-556-387-5,
BMD3102,撒旦的餌 The Bait of Satan,約翰．畢維爾,以琳,24/11/2008,,986-6805-08-5,
BMG8802,孩子不同需要不同(Different Children Different Needs),查爾士‧包宜博士(Charles F. Boyd)等,學園,24/12/2004,216.00,957-8972-30-X,
BMF3505,屬靈的氣質,黎曦庭著 鄺保羅譯,天道書樓,24/12/2008,10.00,926-208-057-X,"幸貞德贈, 港幣"
BMA2101,聖經人地名意義彙編,陳瑞庭,橄欖,24/2/2002,,957-556-130-9,
BMB1022,何必上教會？,楊腓力(Phillip Yancey),校園,24/2/2002,128.00,957-587-721-7,
BMB1028,明白神旨意,史密斯,校園,24/2/2002,,957-587-723-3,
BMC1302,讀經簡易法,馬可華特,證主,24/2/2002,80.00,0-926406-47-7,台幣
BMC1303,認識神的旨意簡易法,馬可華特,證主,24/2/2002,110.00,0-926406-49-3,台幣
BMC1304,認識預言簡易法,馬可華特,證主,24/2/2002,110.00,0-926406-50-7,台幣
BMC3703,神的傑作,保羅．班德,更新傳道,24/2/2002,,1-56582-028-2,
BMC6101,第三隻眼看佛教,王瑞珍,校園,24/2/2002,350.00,957-587-634-2,
BMC6102,第三隻眼看道教,王瑞珍,校園,24/2/2002,350.00,957-587-635-0,
BMC6103,第三隻眼看算命風水,王瑞珍,校園,24/2/2002,350.00,957-587-636-9,
BMC6104,第三隻眼看祭祖,王瑞珍,校園,24/2/2002,350.00,957-587-637-7,
BMC6105,第三隻眼看一貫道,王瑞珍,校園,24/2/2002,350.00,957-587-639-3,
BMC7503,預約心靈沃土(Finding common ground),唐斯(T Downs),校園,24/2/2002,290.00,957-587-704-7,
BMC8601-1,慕道班課程-我為何要信,蘇文隆,台福傳播,24/2/2002,,1-885216-12-2,
BMC8601-2,慕道班課程-我為何要信,蘇文隆,台福傳播,24/2/2002,,1-885216-12-2,
BMC8601-3,慕道班課程-我為何要信,蘇文隆,台福傳播,24/2/2002,,1-885216-12-2,
BMC8602-1,受洗班課程-新造的人,蘇文隆,台福傳播,24/2/2002,,1-885216-13-0,
BMC8602-2,受洗班課程-新造的人,蘇文隆,台福傳播,24/2/2002,,1-885216-13-0,
BMC8602-3,受洗班課程-新造的人,蘇文隆,台福傳播,24/2/2002,,1-885216-13-0,
BMC8603-1,初信班課程-邁向成熟,蘇文隆,台福傳播,24/2/2002,,1-885216-14-9,
BMC8603-2,初信班課程-邁向成熟,蘇文隆,台福傳播,24/2/2002,,1-885216-14-9,
BMC8603-3,初信班課程-邁向成熟,蘇文隆,台福傳播,24/2/2002,,1-885216-14-9,
BMC8604-1,門徒班課程-更上一層樓,蘇文隆,台福傳播,24/2/2002,,1-885216-15-7,
BMC8604-2,門徒班課程-更上一層樓,蘇文隆,台福傳播,24/2/2002,,1-885216-15-7,
BMC8604-3,門徒班課程-更上一層樓,蘇文隆,台福傳播,24/2/2002,,1-885216-15-7,
BMC8605-1,事奉班課程-有效率的服事,蘇文隆,台福傳播,24/2/2002,,1-885216-33-5,
BMC8605-2,事奉班課程-有效率的服事,蘇文隆,台福傳播,24/2/2002,,1-885216-33-5,
BMC8605-3,事奉班課程-有效率的服事,蘇文隆,台福傳播,24/2/2002,,1-885216-33-5,
BMC8605-4,事奉班課程-有效率的服事,蘇文隆,台福傳播,24/2/2002,,1-885216-33-5,
BMD3002,風火信心,辛傑米．梅定恩,雅歌,24/2/2002,250.00,986-7955-01-3,
BMD3003,風火大能,辛傑米．梅定恩,雅歌,24/2/2002,250.00,986-7955-06-4,
BME1505,耶穌的禱告(The prayer of Jesus),漢克．海尼葛瑞福,道聲,24/2/2002,150.00,957-0368-51-9,
BME3101,3步5祝福--收割禱告手冊,台北靈糧堂,靈糧堂,24/2/2002,,,
BME3102,釋放潔淨禱告手冊,台北靈糧堂,靈糧堂,24/2/2002,,,
BME6901,雅比斯的禱告,魏肯生(Bruce Wilkinson),證主,24/2/2002,200.00,962-8740-71-7,
BMF2017,靈的錮禁與釋放(上),桑得福夫婦,橄欖,24/2/2002,100.00,957-556-323-9,
BMF2018,靈的錮禁與釋放(中),桑得福夫婦,橄欖,24/2/2002,100.00,957-556-324-7,
BMF2019,靈的錮禁與釋放(下),桑得福夫婦,橄欖,24/2/2002,100.00,957-556-325-5,
BMF4001,生命總有傷痛時,楊腓力,校園,24/2/2002,100.00,957-587-673-3,
BMF4002,化療室的春天,楊淑琴、龔振成,校園,24/2/2002,,957-587-604-0,
BMF6501,非常選擇 非常Match (Finding the Love of Your life: The principles for Choosing the Right Marriage Partner),尼爾．克拉克．華倫(Neil Clark Warren),愛家,24/2/2002,,957-30753-7-7,
BMG1001,無語問上帝(Disappointment with God),楊腓力(Phillip Yancey),校園,24/2/2002,,957-587-228-2,
BMG1101,擁抱十架--鐵釘下的應許,麥克斯．路卡杜,證主,24/2/2002,260.00,962-8740-70-9,
BMG1801,畢竟有神,卡門夫人,道聲,24/2/2002,,957-0368-48-9,
BMG5704,帥氣的贏家,李順長,校園,24/2/2002,,957-587-488-9,
BMG6001,戀愛這玩意兒,劉惠琴,校園,24/2/2002,,957-587-371-8,
BMG6002,我該結婚嗎？(Should I get married?),史密斯(M Blaine Smith),校園,24/2/2002,210.00,957-587-433-1,
BMG6003,單身自在好時光(Your half of the Apple),安琪妮(Gini Andrews),校園,24/2/2002,,957-587-463-3,
BMG7001,婚前預備(Preparing for your marriage),威廉．傑．馬克雷(William J Macrae),大光,24/2/2002,,957-9349-92-4,
BMG7103,幸福園,簡春安,宇宙光,24/2/2002,120.00,957-9695-42-3,
BMG7403,更美的婚姻(Your marriage: making it work),"藍金夫婦(Peg Rankin, Lee Rankin)",校園,24/2/2002,,957-587-271-1,
BMG7510-2,天長地久,鄧敏,證主,24/2/2002,,957-9189-32-3,
BMG8401,做你家人的好家人,李順長,校園,24/2/2002,,957-587-500-1,
BMG8402,做你兒女的好父母：提升你兒女IQ、EQ、CQ,李順長,校園,24/2/2002,,957-587-649-0,
BMG8403,做你情侶的好情侶,李順長,校園,24/2/2002,180.00,957-587-556-7,
BMG8404,做你朋友的好朋友(Be a good friend of your friends),李順長(Gordon Lee),校園,24/2/2002,,957-587-385-8,
BMG8405,做你天使的好天使：教會生活的藝術,李順長,校園,24/2/2002,,957-587-600-8,
BMG8903,甜蜜的家庭--30天禱告手則,士林靈糧堂,靈糧堂,24/2/2002,,,
BMH4200-1,"科學大師的求學，戀愛興理念(Biographies of great scientists: Their schooling, romance and belief)",張文亮 (Wen-Lian Chang),校園,24/2/2002,,957-587-492-7,
BMH4201,我聽見石頭在唱歌：科學大師的求學，戀愛興理念(二),張文亮 (Wen-Lian Chang),校園,24/2/2002,,957-587-557-5,
BMH4202,我看到大山小山在跳舞,張文亮,校園,24/2/2002,,957-587-670-9,
BMH4203,劍橋七傑,蒲樂克,校園,24/2/2002,,957-587-110-3,
BMH4204,戴德生與瑪麗亞,蒲樂克,校園,24/2/2002,,957-587-367-X,
BMH4507,寧毀不銹--馬偕博士的故事,曹永洋,文經文庫,24/2/2002,,957-663-302-8,
BMH4517,漫畫蓮娜瑪麗亞,,傳神,24/2/2002,,957-309-654-4,
BMH7002,天路歷程(the Pilgrim's Progress),本仁約翰(John Bunyan),道聲,24/2/2002,,957-908-517-X,
BMA2102,聖經動植物意義彙編,趙榮台、陳景亭,橄欖,25-04-04,200.00,957-566-400-6,
BMA5180,丁道爾-以斯拉記尼希米記,柯德納,校園,25-04-04,220.00,957-587-813-2,
BMB1001,靈修札記,理查皮斯,中華國際聖經協會,25-04-04,160.00,957-8549-38-5,
BMB1024,基督教諮商倫理,冉道夫孫德司,華神,25-04-04,,957-0491-31-X,
BMB1029,神聖的渴望,艾傑奇,校園,25-04-04,280.00,957-587-811-6,
BMB1030,標竿人生,華理克,基督使者協會,25-04-04,304.00,1-882324-25-0,
BMC3011,基督教信仰經得起考驗嗎？,伯特湯普遜、威尼傑克遜,天恩,25-04-04,199.00,957-8536-27-5,
BMC3707-2,四種愛,路益師(C S Lewis),雅歌,25-04-04,200.00,957-8763-49-2,
BMC3709,第四度空間,趙鏞基,學園,25-04-04,140.00,957-9483-17-5,柯牧師審核中24/05/2006
BMC3710,第四度空間第二集,趙鏞基,學園,25-04-04,140.00,957-9483-73-6,
BMC3711,十字架討厭的地方,蔡麗貞,華神,25-04-04,100.00,957-0471-08-5,
BMC7008,基督徒的宣教觀,,新新生命,25-04-04,550.00,,
BMC8201,發現事工,華理克,雅歌,25-04-04,100.00,957-8763-83-2,
BMC8203,加入教會,華理克,雅歌,25-04-04,80.00,957-8763-81-6,
BMC8204,完成使命,華理克,雅歌,25-04-04,100.00,957-8763-91-3,
BMC8603-4,初信班課程 -邁向成熟（直奔標竿201課程-學生版）,華理克,雅歌,25-04-04,120.00,957-8763-82-4,
BMC8803,與神同行的領袖,奧夫 艾克曼,天恩,25-04-04,250.00,986-7647-14-9,
BMD1104,住在基督裡,慕安德烈,校園,25-04-04,180.00,957-587-086-7,
BMD1509,魚兒別上鉤,亨利克勞德、約翰湯森德,旅途,25-04-04,221.00,0-971-2025-2-4,
BMD1510,跟隨神-尋求基督裡的豐盛,比爾密斯,證主,25-04-04,210.00,957-9189-74-9,
BMD1512,支取能力活出豐盛生命-如何培養基督的品格,,培基文教基金會,25-04-04,,986-80054-3-4,
BMD4002,治理事的,諾曼．蕭卻克、羅傑．休瑟,華神,25-04-04,300.00,957-0471-27-1,
BMD4003,從聖經看長執,邵遵瀾,華神,25-04-04,160.00,957-9337-95-0,
BMD4510,衝突臨爆點,馬歇爾雪萊,橄欖,25-04-04,420.00,957-556-451-0,
BMD8507,醫治萬國,約翰桑德福,以琳,25-04-04,250.00,986-7750-05-5,
BME1506,七個釋放禱告,楊寧亞等,道聲,25-04-04,199.00,957-0368-41-1,
BME6002,簡易祈禱法,蓋恩夫人,台灣福音書房,25-04-04,60.00,957-513-207-6,
BME8004,如何經歷共同禱告的能力,史多美．奧瑪森、傑克．海福德,以琳,25-04-04,160.00,986-7750-25-X,
BME8507,為未生的孩子禱告,麥格納,以琳,25-04-04,,957-9507-79-1,
BMF2003,更新裡面的人「上」,桑得福夫婦,橄欖,25-04-04,,957-556-171-6,
BMF2004,更新裡面的人「中」,桑得福夫婦,橄欖,25-04-04,,957-556-172-4,
BMF2005,更新裡面的人「下」,桑得福夫婦,橄欖,25-04-04,,957-556-173-2,
BMF4401,態度決定了你的高度,施以諾,橄欖,25-04-04,220.00,957-556-452-9,
BMF4402,心靈快餐,施達雄,橄欖,25-04-04,100.00,957-556-394-8,
BMG1302,天堂愛語,蓋瑞巧門,雅歌,25-04-04,250.00,986-7955-36-6,
BMG1601,信心英雄榜,提姆．貝克,雅歌,25-04-04,204.00,986-7955-26-9,
BMG1803,紅海原則,羅勃摩根,以琳,25-04-04,180.00,986-7750-21-7,
BMG4702,理財智慧,柏康德,海天書樓,25-04-04,238.00,962399121-5,
BMG4703,如何為財務困境禁食禱告,艾莫爾湯恩斯,以琳,25-04-04,130.00,986-7750-06-3,
BMG4704,財富興旺的自由,奧夫 艾克曼,天恩,25-04-04,120.00,957-8426-97-6,
BMG6502,當男孩遇見女孩,約書亞哈里斯,學園,25-04-04,320.00,957-8972-61-X,
BMG7201,戀愛這回事,黃維芬,人光,25-04-04,110.00,957-8349-27-0,
BMG7202,婚姻情事,黃維芬,人光,25-04-04,200.00,957-8349-06-8,
BMG7203,婚外好幾章,黃維芬,人光,25-04-04,170.00,957-8349-23-8,
BMG7302,愛之語,蓋瑞巧門,中國主日學,25-04-04,270.00,957-550-228-0,
BMG7402,新婚之愛,艾德惠特、柏金絲,校園,25-04-04,240.00,957-587-820-5,
BMG7501,共創活力的婚姻,大衛歐森、愛彌歐森,愛家,25-04-04,350.00,986-80497-2-5,
BMG8003,兒童愛之語,蓋瑞巧門、羅斯甘伯,中國主日學,25-04-04,270.00,957-550-252-3,
BMG8704,打開孩子心門之鑰,蓋瑞史邁利,道聲,25-04-04,199.00,957-0368-28-4,
BMG8904,怎樣生育優秀的下一代,,國家,25-04-04,,,
BMG8905,賞識你的孩子,周弘,上游,25-04-04,60.00,957-0334-67-3,
BMG8906,愛語秘笈,蓋瑞巧門,證主,25-04-04,340.00,962-8740-95-4,
BMG8907,讓我們的孩子脫離惡者,吉普森夫婦,橄欖,25-04-04,100.00,957-556-216-X,
BMG8908,祝福你的孩子,傑克海福德,美國麥種傳道會,25-04-04,220.00,1-932184-05-8,
BMG9001,公開聖經吃的秘訣,羅卓依、莊新泉,橄欖,25-04-04,250.00,957-556-460-X,
BMG9102,但以理讀書法,金東煥,道聲,25-04-04,230.00,957-0368-87-X,
BMG9503,合神心意的男人,吉姆．喬治,以琳,25-04-04,250.00,986-7750-15-3,
BMG9504,合神心意的女人,伊莉莎白．喬治,以琳,25-04-04,,986-7750-01-2,
BMH4103-2,高雄貓王---繆學理傳奇,多位作者(3),宇宙光,25-04-04,60.00,957-727-068-9,
BMH4109-2,大苦苓的神蹟,多位作者(9),宇宙光,25-04-04,60.00,957-727-083-2,
BMH4113,彰化蘭家,多位作者(13),宇宙光,25-04-04,60.00,957-727-111-1,
BMH4114,埔里阿公阿媽,多位作者(14),宇宙光,25-04-04,60.00,957-727-112-X,
BMH4115,嬰兒珍珠,多位作者(15),宇宙光,25-04-04,60.00,957-727-109-X,
BMH4116,死囚回家,多位作者(16),宇宙光,25-04-04,60.00,957-727-110-3,
BMH4117-1,曾經英雄,多位作者(17),宇宙光,25-04-04,60.00,957-727-145-6,
BMH4117-2,曾經英雄,多位作者(17),宇宙光,25-04-04,60.00,957-727-145-6,
BMH4118,比翼鳥,多位作者(18),宇宙光,25-04-04,60.00,957-727-147-2,
BMH4119-1,天使的掌聲,多位作者(19),宇宙光,25-04-04,60.00,957-727-146-4,
BMH4119-2,天使的掌聲,多位作者(19),宇宙光,25-04-04,60.00,957-727-146-4,
BMH4120-1,走出幽谷,多位作者(20),宇宙光,25-04-04,60.00,957-727-144-8,
BMH4120-2,走出幽谷,多位作者(20),宇宙光,25-04-04,60.00,957-727-144-8,
BMH4518-1,主恩飄萬里,多位作者,澳洲中信,25-04-04,,,
BMH4518-2,主恩飄萬里,多位作者,澳洲中信,25-04-04,,,
BMH4518-3,主恩飄萬里,多位作者,澳洲中信,25-04-04,,,
BMH4518-4,主恩飄萬里,多位作者,澳洲中信,25-04-04,,,
BMH4518-5,主恩飄萬里,多位作者,澳洲中信,25-04-04,,,
BMH4519,非凡信心,麥克理察森,雅歌,25-04-04,320.00,986-795-527-7,
BMH7901,卿卿如晤,路益師,雅歌,25-04-04,180.00,957-876-326-3,
BMH7902,路益師的奇幻世界,路益師,雅歌,25-04-04,200.00,986-795-525-0,
BMZ9001,天天的禮物,,彩虹兒童,25-04-04,,986-7579-25-9,
BMZ9002,聽，天使在唱歌,,彩虹兒童,25-04-04,,957-28087-0-2,
BMH4528,一輪千里-邊緣少年環台的挑戰,黃明鎮、許輩燕、林芹羽等……,基督教更生團契,25/01/2008,,978-957-98786-4-7,
BMH4529,感謝有你同行-讓人感恩惜福的28篇溫馨故事,黃明鎮,雅書堂文化事業,25/01/2008,180.00,978-986-70-8542-9,
BMH4530,監獄天使-黃明鎮,黃明鎮,創意年代文化事業,25/01/2008,,986815314-x,
BMD8508,天堂是如此真實,秋楠、大衛、趙鏞基,秋楠,25/04/2006,,983-42505-1-7,
BMC6802,曠世奇族 - 猶太人 (The Jewss - People of the Future),奧夫．艾克曼 (Ulf Ekman),天恩,25/05/2006,200.00,986-764-709-2,
BMC6951,飲水思源 - 中國人的信仰根源,裴瑞明、董大源,Shangti-research.org,25/05/2006,,,
BMC6952,上帝是誰？,裴瑞明、董大源,Shangti-research.org,25/05/2006,,,
BMD1515,棄俗尋真 - 品格的追尋 (The Quest for Character),司韞道 (Charles R Swindoll),天道,25/05/2006,300.00,962-208-227-0,
BMG8701-3,按照聖經教導子女 (Bring up Children biblically),劉志雄夫婦,道聲,25/05/2006,150.00,957-0368-93-4,
BMG8702,按照聖經作父母 (Biblical parenting),劉志雄夫婦,道聲,25/05/2006,160.00,957-0368-66-7,
BMH4206,深入非洲三萬里 - 李文斯傳 (Biography of David Livingstone),張文亮 (Wen-Lian Chang),校園,25/05/2006,290.00,957-587-776-4,
BMH4525,惟獨基督 - 戴德生生平與事工圖片紀念集 (Christ alone - A pictorial presentation of Hudson Taylor's life),OMF Editors,海外基督使團 (前中國內地會) OMF international,25/05/2006,,978-962-8402-06-9,
BMH4526,愛是一生的堅持 - 彭蒙惠傳奇,彭蒙惠口述、李文茹執筆,空中英語教室,25/05/2006,220.00,957-982-500-9,
SMB0001,讓讚美飛揚 Let praise arise,,讚美之泉Stream of Praise Music,25/05/2006,,,
SMB0006,弦外之歌,,救世,25/05/2006,,,
SMB0007,展開清晨的翅膀 Wings of the Dawn,,讚美之泉Stream of Praise Music,25/05/2006,,,
SMB1002-1,我聽見石頭在唱歌 I Hear Stones Singing,,有情天,25/05/2006,,,
SMB1002-2,我聽見石頭在唱歌 I Hear Stones Singing,,有情天,25/05/2006,,,
SMB1003,你愛永不變 Your steedfast love,,有情天,25/05/2006,,,
SMB1004,千山萬水恩惠相隨 You are with me in every step I take,,有情天,25/05/2006,,,
SMB8001,為主來夢想 Dream for the Lord,,王子音樂,25/05/2006,65.00,,
SMB8002,看見 Seeing,,王子音樂,25/05/2006,70.00,,
SMB8003,在基督裏有平安 There is peace in Christ,,王子音樂,25/05/2006,65.00,,
SMC0001,豐盛的饗宴-五餅二魚給五千人吃飽的故事,Sonny Saisbury,WORD,25/05/2006,,,
BMC5504,流浪的神,康來昌,雅歌,25/052006,300.00,,
BMA5739,丁道爾-希伯來書,古特立,校園,25/09/2010,,,
BME3106,一生的祝福（父親為子祈禱文）為孩子生命把關的征戰手冊,劉曉亭,彩虹愛家,25/09/2010,,,
BMA3001,新約希臘文解經（卷一） 馬太福音 馬可福音,,美國活泉,25/11/2008,,,
BMA3002,新約希臘文解經（卷二） 路加福音,,美國活泉,25/11/2008,,,
BMA3003,新約希臘文解經（卷三） 約翰福音,,美國活泉,25/11/2008,,,
BMA3004,新約希臘文解經（卷四） 使徒行傳,,美國活泉,25/11/2008,,,
BMA3005,新約希臘文解經（卷五） 羅馬書,,美國活泉,25/11/2008,,,
BMA3006,新約希臘文解經（卷六） 歌林多前後書,,美國活泉,25/11/2008,,,
BMA3007,新約希臘文解經（卷七） 加拉太書 以弗所書 腓立比書 歌羅西書,,美國活泉,25/11/2008,,,
BMA3008,新約希臘文解經（卷八） 帖撒羅尼迦前後書 提摩太前後書 提多書 腓利門書,,美國活泉,25/11/2008,,,
BMA3009,新約希臘文解經（卷九） 希伯來書 雅各書 彼得前後書 約翰一二三書 猶大書,,美國活泉,25/11/2008,,,
BMA3010,新約希臘文解經（卷十） 啟示錄,,美國活泉,25/11/2008,,,
BMA8843,馬太福音,陳宗清,校園,25/11/2008,,957-587939-2,
BMC3712,基督教信仰問題釋疑,黃彼得,台灣中國信徒佈道會,27/06/2004,,957-97612-4-8,
BMC3201,到底有沒有神,張郁嵐,台灣福音書房,28-12-02,,957-513-021-9,
BMD4511,女性在教會（Women in the Church-a Biblical study on the Role of Women in the Church）,巴赫歐奇著/劉秀珠譯,中華信義神學院,28-12-08,21.00,957-30915-2-b,幸貞德贈
BMA2002,舊約導讀,馬有藻、張西平,華神,28/12/2002,475.00,957-0326-75-1,
BMA2003,新約導讀,馬有藻、張西平,華神,28/12/2002,208.00,957-8536-50-X,
BMA2004,舊約背景與年代表,羅伯．華爾頓,華神,28/12/2002,160.00,957-9337-80-2,
BMA2005,新約背景與年代表,,華神,28/12/2002,160.00,,
BMA2006,基督教神學教義與圖表,韋恩．郝思,華神,28/12/2002,160.00,,
BMA2007,教會歷史背景與年代圖表,羅伯．華爾頓,華神,28/12/2002,,,
BMA2103,簡明聖經史地圖解,梁天樞,橄欖,28/12/2002,160.00,957-556-327-1,
BMA2501,新約文件可靠嗎？,卜魯斯,天道書樓,28/12/2002,"1,000.00",962-208-017-0,
BMA2502,讀經之路,倪柝聲,台灣福音,28/12/2002,100.00,957-513-038-3,
BMA2503,長驅直入,泰利．荷、凱倫．荷,大光,28/12/2002,170.00,,
BMA2504,聖經人名小百科,,大光,28/12/2002,,,
BMC1102,重生真義,王明道,宣道,28/12/2002,115.00,962-244-425-3,台幣
BMC1104,基督徒需知(I Want to be a Christian),巴刻(J I Packer),宣道,28/12/2002,281.00,962-244-080-0,台幣
BMC1202,給你的禮物,路卡度,校園,28/12/2002,160.00,957-587-754-3,台幣
BMC1703,如何遇見神,和音,宇宙光,28/12/2002,198.00,,台幣
BMC3102,生命樹與善惡樹的分辨,喬納,橄欖,28/12/2002,60.00,957-556-319-0,
BMC3202,耶穌是神的兒子麼？,張郁嵐,台灣福音書房,28/12/2002,40.00,957-513-104-5,
BMC3203,聖經是神默示的嗎？,張郁嵐,台灣福音書房,28/12/2002,40.00,957-513-022-7,
BMC3706,返璞歸真(Mere Christianity),魯益士,宣道,28/12/2002,330.00,962-399-065-0,
BMC3707-1,四種愛,路益師(C S Lewis),雅歌,28/12/2002,200.00,957-8763-49-2,
BMC6002,在基督裏的「闢邪妙方」,葉明翰,大光,28/12/2002,250.00,957-9349-99-1,
BMC8701,葡萄樹的秘密,魏肯生,證主,28/12/2002,220.00,962-8740-85-7,
BMD1101,智慧的人生,唐崇榮,校園,28/12/2002,105.00,957-587-104-9,
BMD1102,排隊上天堂77招,費伯里,校園,28/12/2002,160.00,957-587-737-3,
BMD1502,奉耶穌的名(In the Name of Jesus - Reflections on Christian Leadership),盧雲(Henri J M Nouwen),基道,28/12/2002,250.00,962-457-014-0,
BMD2003,心思的戰場,喬依絲．邁爾,以琳,28/12/2002,220.00,957-9183-97-X,
BMD8504,魂的潛勢力,倪柝聲,橄欖,28/12/2002,60.00,957-556-110-4,
BME1000,禱告,哈列斯比(Hallesby),道聲,28/12/2002,150.00,957-9085-85-4,
BME5001,禁食禱告的突破(Fasting for spiritual breakthrough),艾莫爾．湯恩斯(L Towns),以琳,28/12/2002,25.00,957-9183-94-5,
BME6902,雅斯比禱告心靈札記 (The prayer of Jabez devotional),魏肯生(Bruce Wilkinson),證主,28/12/2002,220.00,962-8740-92-X,
BME6903,雅斯比禱告總題研習(The prayer of Jabez bible study),魏肯生(Bruce Wilkinson),證主,28/12/2002,120.00,962-8740-93-8,
BMG1204-2,浪子回頭--一個歸家的故事,盧雲(H Nouwen),校園,28/12/2002,170.00,957-587-513-3,
BMG1403,奇妙的結局,隆梅爾,天恩,28/12/2002,200.00,957-9466-91-2,
BMG2702,"經驗這門課(If Experience is such a Good teacher, why do I keep repeating the Course?)",J.Ellsworth Kalas,國家,28/12/2002,99.00,,
BMG2901,怎麼辦？葛培理等名牧答問精選,葛培理,海天書樓,28/12/2002,205.00,962-399-103-7,
BMG2951,人生下半場(Halftime: changing your game plan from success to significance),鮑布．班福德(Bob Buford),雅歌,28/12/2002,250.00,,
BMG2952,下半場贏家(Game plan: winning strategies for the second half of your life),鮑布．班福德(Bob Buford),雅歌,28/12/2002,280.00,986-7955-10-2,
BMG7102,性這回事,Tim Stafford,宇宙光,28/12/2002,99.00,957-727-183-9,
BMG8301,如何建立孩子的價值觀(365 ways to Develop your Child's Values),Cheri Fuller,宇宙光,28/12/2002,159.00,957-727-143-X,
BMG9502,清心等候的女人,鍾黛比、肯潔琪,雅歌,28/12/2002,200.00,986-7955-04-8,
BMH1001,約瑟,,天恩,28/12/2002,150.00,957-0326-17-4,
BMH1002,摩西,James R. Shott,天恩,28/12/2002,150.00,957-0326-26-3,
BMH1003,彼得,Susan Martins Miller,天恩,28/12/2002,150.00,957-0326-24-7,
BMH1004,保羅,Dan Larsen,天恩,28/12/2002,150.00,957-0326-28-X,
BMH2022,陶恕小傳,陳福中(22),基督徒出版社,28/12/2002,36.00,962-675-069-3,
BMH2023,查理．衛斯理小傳,陳福中(23),基督徒出版社,28/12/2002,36.00,962-675-070-7,
BMH2024,辛生道夫小傳,陳福中(24),基督徒出版社,28/12/2002,36.00,962-675-074-X,
BMH4001,慕安得列小傳,江守道(1),基督徒出版社,28/12/2002,36.00,962-675-033-2,
BMH4002,芬尼小傳,江守道(2),基督徒出版社,28/12/2002,36.00,962-675-034-0,
BMH4003,馬丁路德小傳,江守道(3),基督徒出版社,28/12/2002,36.00,962-675-035-9,
BMH4004,慕勒小傳,江守道(4),基督徒出版社,28/12/2002,36.00,962-675-036-7,
BMH4005,達秘小傳,江守道(5),基督徒出版社,28/12/2002,36.00,962-675-037-5,
BMH4006,賓路易師母小傳,江守道(6),基督徒出版社,28/12/2002,36.00,962-675-038-3,
BMH4007,約翰．衛斯理小傳,陳福中(7),基督徒出版社,28/12/2002,36.00,962-675-039-1,
BMH4008,宣信小傳,陳福中(8),基督徒出版社,28/12/2002,36.00,962-675-040-5,
BMH4009,司布真小傳,江守道(9),基督徒出版社,28/12/2002,36.00,962-675-044-8,
BMH4010,慕迪小傳,江守道(10),基督徒出版社,28/12/2002,36.00,962-675-045-6,
BMH4011,懷特腓小傳,江守道(11),基督徒出版社,28/12/2002,36.00,962-675-046-4,
BMH4012,叨雷小傳,陳福中(12),基督徒出版社,28/12/2002,36.00,962-675-052-9,
BMH4013,蓋恩夫人小傳,陳福中(13),基督徒出版社,28/12/2002,36.00,962-675-053-7,
BMH4014,愛德華滋小傳,陳福中(14),基督徒出版社,28/12/2002,36.00,962-675-054-5,
BMH4015,克里威廉小傳,江守道(15),基督徒出版社,28/12/2002,36.00,962-675-055-3,
BMH4016,鍾馬田小傳,陳福中(16),基督徒出版社,28/12/2002,36.00,962-675-054-5,
BMH4017,芬妮．克羅斯比小傳,陳福中(17),基督徒出版社,28/12/2002,36.00,962-675-053-7,
BMH4018,本仁約翰小傳,陳福中(18),基督徒出版社,28/12/2002,36.00,962-675-058-8,
BMH4019,戴德生小傳,陳福中(19),基督徒出版社,28/12/2002,36.00,962-675-059-6,
BMH4020,卜維廉小傳,陳福中(20),基督徒出版社,28/12/2002,36.00,962-675-060-X,
BMH4021,邁爾小傳,陳福中(21),基督徒出版社,28/12/2002,36.00,962-675-061-8,
BMH4150,不滅的燈火．吳勇長老回憶錄(上),吳勇,宇宙光,28/12/2002,160.00,957-9695-50-4,
BMH4151,不滅的燈火．吳勇長老回憶錄(中),吳勇,宇宙光,28/12/2002,160.00,957-9695-52-0,
BMH4152,不滅的燈火．吳勇長老回憶錄(下),吳勇,宇宙光,28/12/2002,160.00,957-9695-53-9,
BMH4155,老眼不昏花,孫越,宇宙光,28/12/2002,99.00,957-727-162-6,
BMA1009,聖經難解之言-舊約篇（Hard Sayings of The old Testament）,華德凱瑟著 梁潔瓊譯,校園,28/12/2008,15.00,957-587-531-2,幸貞德贈
BMA1010,聖經難解之言-舊約續篇（More Hard Sayings of The old Testament）,華德凱瑟著 許言 董挽華譯,校園,28/12/2008,13.00,957-587-920-4,幸貞德贈
BMA1011,聖經難解之言-新約篇（Hard Sayings of The New Testament）,戴維茲著 徐成德譯,校園,28/12/2008,17.00,957-587-496-X,幸貞德贈
BMA1012,聖經難解之言-保羅篇（ Hard Sayings of Paul）,柏饒齊著 蘇心美譯,校園,28/12/2008,14.00,957-587-493-5,幸貞德贈
BMA1001,聖經 中英對照 新譯本 English Standard version,,環球聖經公會,29-05-2009,,962-881547-4,
BMC3713,耶穌基督的神蹟,陳終道,天道書樓,29-12-2000,19.00,962-208-077-4,澳幣
BMC8801,蒙神喜悅的婦人,蜜費伊、楊格珍,以馬杵斯,29-12-2000,,957-97407-4-7,
BMF3501,琴瑟和鳴(Talking and Listening together),"Sherod Miller, Phyllis Miller, Elam W Nunnally, Daniel B Wackman",天恩,29-12-2000,,957-9466-34-3,
BMG7508,如何抓住你妻子的心(If only he knew),蓋瑞．史邁勒(G Smedlley)、史提夫．司考特(S Scott),橄欖,29-12-2000,,957-556-072-8,
BMA1002,青少年版聖經綜覽(What the Bible is All About for Young explorers),亨莉達．米爾斯(Dr Henrietta Mears),中國主日學,29/04/2001,300.00,957-550-035-0,
BMA1005,分類經文彙編,,美國榮主,29/04/2001,190.00,0-9646393-4-3,
BMB1006,每日經歷神(Experiencing god day by day),亨利．布克比(H Blackaby)、理查．布克比(C Blackaby),基石,29/04/2001,220.00,09702399-3-9,台幣
BMB1019,恩典多奇異(What's so Amazing about Grace),楊腓力(Phillip Yancey),校園,29/04/2001,290.00,957-587-625-3,
BMB1020,歡喜讀舊約,楊腓力(Phillip Yancey),校園,29/04/2001,260.00,957-587-690-3,
BMB1025,恩典百分百(In the Grip of Grace),麥克斯．路卡杜,校園,29/04/2001,290.00,957-587-647-4,
BMC1201,給初信者,,校園,29/04/2001,170.00,957-587-087-5,台幣
BMC1705,亞伯拉罕以撒雅各的神,倪柝聲,台灣福音,29/04/2001,158.00,957-513-101-0,
BMC3311,聖靈的洗與恩賜,唐崇榮,中福,29/04/2001,225.00,,
BMC3314,信仰、試鍊與得勝,唐崇榮,中福,29/04/2001,225.00,957-9642-41-9,
BMC3704,信仰的四百問,馬利,更新資源,29/04/2001,"1,080.00",962-8329-21-9,
BMC3719,個人佈道手冊,校園福音團契同工,校園,29/04/2001,80.00,957-587-091-3,
BMC7001,台灣本土化談道的探討,王武聰,天恩,29/04/2001,220.00,957-9466-67-X,
BMC7002,台灣本土化談道的探討,王武聰,天恩,29/04/2001,220.00,957-9466-67-X,
BMC7003,台灣本土化談道的探討,王武聰,天恩,29/04/2001,220.00,957-9466-67-X,
BMC7004,台灣本土化談道的探討,王武聰,天恩,29/04/2001,220.00,957-9466-67-X,
BMC7005,台灣本土化談道的探討,王武聰,天恩,29/04/2001,220.00,957-9466-67-X,
BMC7006,台灣本土化談道的探討,王武聰,天恩,29/04/2001,220.00,957-9466-67-X,
BMC7007,台灣本土化談道的探討,王武聰,天恩,29/04/2001,220.00,957-9466-67-X,
BMD1504,正常的基督徒生活,倪柝聲,台灣福音,29/04/2001,131.00,957-513-007-3,
BMD1513,奔放的生命,林曾秀芬,天恩,29/04/2001,150.00,957-8536-75-5,
BMD1514,更豐盛的生命,林曾秀芬,天恩,29/04/2001,150.00,957-8536-74-7,
BMD3001,疾風烈火,辛傑米．梅定恩,雅歌,29/04/2001,300.00,957-8763-87-5,
BMD5101,引爆復興,康約珥,校園,29/04/2001,200.00,957-0368-37-3,
BME1501,教會-禱告的職事,,台灣福音,29/04/2001,70.00,957-513-124-X,
BME3103-1,禱告探訪手冊,,雅歌,29/04/2001,40.00,,
BME3103-2,禱告探訪手冊,,雅歌,29/04/2001,40.00,,
BME3104,創意禱告,台北靈糧堂,靈糧堂,29/04/2001,40.00,,
BME8502,為妻子禱告文（小小薄薄一本）,台北靈糧堂,靈糧堂,29/04/2001,,,翠萍姐贈
BME8503,為牧者禱告（小小薄薄一本）,台北靈糧堂,靈糧堂,29/04/2001,,,翠萍姐贈
BME8508,如何為你孩子禱告(the Power of a Praying Parent),史多美．奧瑪森(Stormie Omartian),以琳,29/04/2001,250.00,957918358-9,
BMF2024,我為什麼是我,高偉雄,橄欖,29/04/2001,220.00,957-556-385-9,
BMG1402,上帝的心事,隆梅爾,天恩,29/04/2001,250.00,957-0326-49-2,
BMG5705,創意康樂團,竇仁君,校園,29/04/2001,250.00,957-587-589-3,
BMG8101,老爹的叮嚀(Just in case I can't be there),隆梅爾(R Mehl),天恩,29/04/2001,200.00,957-0326-80-8,
BMG8104,傳承的生命,林曾秀芬,天恩,29/04/2001,180.00,957-97067-5-1,
BMG8501,別怕小子難纏(Solid Answers),詹姆斯．杜布森(James Dobson),愛家,29/04/2001,180.00,957-30753-2-6,
BMG8502,跨越青春的籬笆(Solid answers: America's foremost family counselor responds to tough questions facing today's families),詹姆斯．杜布森(James Dobson),愛家,29/04/2001,150.00,957-30753-3-4,
BMH2029,萬中選一的祝福-她是我的寶貝,鍾素明,校園,30/03/2011,,,
BMA8700,希伯來書研經材料,校園研經材料寫作小組,校園,30/07/2006,,957-587-447-1,呂育駿贈
BMF4401-1,態度決定了你的高度,施以諾,橄欖,30/07/2006,,957-556-452-9,范以德贈
BMF4404,心靈雞湯-父親之歌,捷克坎飛爾 馬克韓森等著 陳淑娟譯,晨星,30/12/2008,19.00,957-455-237-5,幸貞德贈
BMF4405,心靈雞湯-大學之愛,捷克坎飛爾 馬克韓森等著 張夢娜譯,晨星,30/12/2008,19.00,957-455-268-9,幸貞德贈
BMF4419,從聖經看如何活的更快樂,鄺炳釗著,天道,30/12/2008,19.00,978-962-208-364-4,幸貞德贈
BMF4428,摯人智語,畢得生著 徐成德譯,校園,30/12/2008,150.00,957-587-618-0,"幸貞德贈, NTD"
BMD1007,疾風細語-如何聽神的聲音,馬克&帕蒂·尉克勒夫婦,台福,31/03/2009,,978-1-885216-89-0,
BMF3506,窮得只剩下錢,王陽明,橄欖,31/03/2009,220.00,978-957-556-586-2,"陳雪鳳贈, NTD"
BMF3507,窮得只剩下錢,王陽明,橄欖,31/03/2009,220.00,978-957-556-586-2,"陳雪鳳贈, NTD"
BMH9011,一念之間-100個心靈故事,蘇拾瑩,啟示出版,31/03/2011,,986-7470-02-8,贈送
BMC3708,我是宣教士?,盧家馼,"世界華人福音事工,香港差傳事工",31/07/2006,,962-322-021-9,范以德贈
BMH9101,魔幻王國的心靈世界,褟浩榮著,天道,31/12/2008,15.00,962-208-672-1,幸貞德贈
BMF2507,女人得釋放--從創傷中得醫治（Woman，Thou Art Loosed!）,杰克斯T.D.Jakes著 道生編譯小組,道生,31/12/2008,10.00,986-7460-84-7,幸貞德贈
BMZ9003,童言童語話上帝,偉爾曼/加爾溫等著,校園,31/12/2008,9.00,957-587-398-x,石敏宏贈
BMA2550,雅各書研經材料,,,,,,
BMA8221,詩篇擷思,,,,,,
BMB1010,聖民遊蹤,,,,,,
BMB1033,聖言新光-每日靈修一得,李冠錦,浸文書坊,,,,
BMB1202-1,慈繩愛索,梁敏夫,道聲,,,957-9085-07-2,
BMB1202-2,慈繩愛索,梁敏夫,道聲,,,957-9085-07-2,
BMB1801,詩篇（三）107篇~ 119篇,,台北靈糧堂,,,,
BMC1108,168信徒疑難問與答,程蒙恩,主恩,,,,
BMC1702,打開天窗說亮話-星空探祕(Stars and their Purpose),Werner Gitt,宇宙光,,,957-727-159-6,
BMC5102,十二籃第二輯,台灣福音書房編輯部,台灣福音書房,,,957-513-137-1,
BMC5103,十二籃第三輯,台灣福音書房編輯部,台灣福音書房,,,957-513-138-X,
BMC5104,十二籃第四輯,台灣福音書房編輯部,台灣福音書房,,,957-513-139-8,
BMC5105,十二籃第五輯,台灣福音書房編輯部,台灣福音書房,,,957-513-140-1,
BMC5106,十二籃第六輯,台灣福音書房編輯部,台灣福音書房,,,957-513-141-X,
BMC5107,十二籃第七輯,台灣福音書房編輯部,台灣福音書房,,,957-513-142-8,
BMC5108,十二籃第八輯,台灣福音書房編輯部,台灣福音書房,,,957-513-143-6,
BMC5109,十二籃第九輯,台灣福音書房編輯部,台灣福音書房,,,957-513-144-4,
BMC5110,十二籃第十輯,台灣福音書房編輯部,台灣福音書房,,,957-513-145-2,
BMC5111,十二籃第十一輯,台灣福音書房編輯部,台灣福音書房,,,957-513-146-0,
BMC5112,十二籃第十二輯,台灣福音書房編輯部,台灣福音書房,,,957-513-147-9,
BMC7504,有愛才有羊--個人談道、造就栽培手冊,黃文雄,台福傳播中心,,,0-9631789-3-8,
BMC8006,為主贏回第二代（附：主日學與小組使用指引）,李道宏,證主,,,,
BMC8306,列王與先知,,,,,,
BMD1004,靈命四層--靈命成長的四層經歷,蓋恩夫人等,橄欖,,,,
BMD1005,勝過生命中的難題,寶拉懷特（Paula White）著,以琳,,,,
BMD1506,讚美的震撼力,唐．高塞特著,以琳,,,,
BMD1508,在你信仰生命中會遇到的問題--屬靈誤用（The Subtle Power of Spiritual Abuse）,大衛．強森 傑夫．范達倫著 何偉祺譯,中國主日學,,,,
BMD2004,基督徒的屬靈爭戰-如何成為天天得勝的屬靈戰士,舒迪恩著 歐陽雅蕙譯,以琳,,,,
BMD4512,青少年牧靈諮商,,,,,,
BME1504,禱告：變成主的形狀,傅立德(W Friest),道聲,,,,
BME1507,新婦的代禱(Bridal intercession),溫格理(Gary Wiens),以琳,,,957918392-9,
BME8506,如何為你的丈夫禱告,,,,,,
BMF2028,你可以自己進行內在醫治,吳維傑著,多加福音中心,,,,
BMF3002,邁向成熟—青年的自我成長與生涯規劃,,,,,,
BMF3504,如何管理你的情緒,喬依絲邁爾著 李正宜譯,以琳,,,,
BMF4003,凱歌集,,,,,,
BMF4005,羊之訟（Exto; of lamb）,董挽華,雅歌,,,,
BMF4403,心靈雞湯-少年話題,,,,,,
BMG1002,生活佔上風（Making Life Work）,海波斯著 邱豔芳譯,校園,,,,
BMG1008,清心細語,周聯華,台灣基督教文藝出版社,,,,
BMG1204-1,浪子回頭--一個歸家的故事,盧雲(H Nouwen),校園,,,947-587-513-3,
BMG2994,跟進課程----2010年盤點時出現，待確認,,,,,,
BMG4701,財主與窮人--饑饉時代的富有基督徒,賽德隆著 高得生譯,台福,,,,
BMG5706,與人接觸,維琴尼亞、薩提爾著 吳就君譯,張老師,,,,
BMG7003,天路伴侶(Famous couples of the bible),布萊恩．哈柏(Brian L Harbour),大光,,126.00,,
BMG7591,獻禾--從失婚到展翼,吳維傑 林秋香,多加福音,,,,
BMG8004,爸爸的心視界,周彥文,新迪,,,,
BMG8105,精彩的基督化家庭（增訂版）,蘇文隆,台福,,,,
BMG8106,父母效能訓練,湯瑪斯、高登著 張珍麗 張海琳譯,新雨,,,,
BMG8406,孩子也能經歷神,貝蒂、克羅德著 陳維德譯,證主,,,,
BMG8708,學習放手,凱露 寇肯道,旅途,,,,
BMG8709,如何跟孩子有效溝通,安戴爾、法伯等著 王明華譯,世茂,,,,
BMG8711,優秀是訓練出來的-按照聖經訓練兒童,劉志雄,道聲,,,,
BMG8712,為孩子立界線（Boundaries with kids）,亨利、克勞德 約翰、湯森德著 吳蘇心美譯,台福,,,,
BMG8803,家庭祝福 (The Family Blessing),羅夫．嘉伯 (Rolf Garborg),學園,,,957-8972-05-9,
BMH2025,中國教會三巨人,賴思融著 張林滿鎂、陳楷瑜等譯,橄欖,,,,
BMH4154,新造的人,林治平等等,宇宙光,,,957-969-555-5,
BMH4156,我是越共戰俘,魯列奇夫婦,宇宙光,,,,
BMH4159,尋,楊宓貴靈著 許崇明譯,中國主日,,,,
BMH4207,兄弟相愛撼山河 - 威伯福斯與克拉朋聯盟 (The Mounts tremble at Fraternity - Wilberforce anf Chapham Saints),張文亮 (Wen-Lian Chang),,,,,
BMH4208,戴德生-摯愛中華,史蒂亞著 梁元生譯,證主,,,,
BMH4404,窮鬼翻身,蘇拾瑩,商周,,,,
BMH4504,我還有三根手指,田原米子,中國主日學,,,,
BMH4520-1,愛呆西非連加恩,連加恩,圓神,,,986-133-001-1,
BMH4527,與屬靈偉人同行,,,,,,
BMH4532,道栽心田（第一輯）,,澳洲基督教播道會,,,,
BMH4598,施振榮的電腦傳奇,周正賢,聯經,,190.00,957-081-521-3,
BMH7103-1,昨夜，我與一顆橘子摔角,張文亮,校園,,,957-587-716-0,
BMH7103-2,昨夜，我與一顆橘子摔角,張文亮,校園,,,957-587-716-0,
BMH7316,牽一隻蝸牛去散步,,,,,,
BMH7319,聖經故事（第一冊）,馬思威,時兆出版社,,,,
BMH9005,南十字星下的奇蹟,邱香遠,皇冠,,,957-332-032-0,
BMH9006,天使走過人間 - 生與死的回憶錄 (The wheel of Life - A memoir of living and dying),伊莉莎白．庫柏勒 (Elisabeth Kubler-Ross),天下文化,,,957-621-476-9,
BMZ1001,企劃孫子,梁憲初,實學社,,,957-9157-35-7,
BMZ1501,無毒一身輕,,世茂,,,,贈送
BMZ1503-1,宇宙健康操,,莊淑旂,,,,
BMZ1503-2,宇宙健康操,,莊淑旂,,,,
BMZ1503-3,宇宙健康操,,莊淑旂,,,,
JMA199812,宇宙光1998十二月號VOL25No296(含CD及CD-ROM),,宇宙光,,,,
JMA199812-1,宇宙光1998十二月號VOL25No296(含CD及CD-ROM),,,,,,
JMA199812-2,宇宙光1998十二月號VOL25No296(含CD及CD-ROM),,,,,,
JMA199812-3,宇宙光1998十二月號VOL25No296(含CD及CD-ROM),,,,,,
JMA199912,宇宙光1999十二月號VOL26No308(含CD及CD-ROM),,,,,,
JMB200305-1,澳洲中信十年特刊,,澳洲中國信徒佈道會,,,,
JMB200305-2,澳洲中信十年特刊,,澳洲中國信徒佈道會,,,,
JMC200030-1,台福基督教會三十週年紀念特刊,,台福基督教會,,,,
JMC200030-2,台福基督教會三十週年紀念特刊,,台福基督教會,,,,
JMC200200,傳揚福音雜誌2002年合訂本,,台福基督教會,,,,
JMC200400,傳揚福音雜誌2004年合訂本,,台福基督教會,,,,
JMC200500,傳揚福音雜誌2005年合訂本,,台福基督教會,,,,
JMC200530,傳揚福音雜誌2008年合訂本,,台福基督教會,,,,
JMC200531,愛鄰台福基督教會十週年紀念特刊-天降甘霖,,台福基督教會,,,,
JMD200303,第八卷第三期2003/3恩愛富足過一生,,"愛家基金會(Focus on the Family, Taiwan)",,,,
JMD200304,第八卷第四期2003/4婚姻路上，有哪些絆腳石？,,"愛家基金會(Focus on the Family, Taiwan)",,,,
JMD200305,第八卷第五期2003/5在家教育停看聽,,"愛家基金會(Focus on the Family, Taiwan)",,,,
JMD200306,第八卷第六期2003/6遠離色誘，迎向真愛-了解青少年的情色陷阱,,"愛家基金會(Focus on the Family, Taiwan)",,,,
JMD200307,第八卷第七期2003/7創意家庭慶典，編織愛的回憶,,"愛家基金會(Focus on the Family, Taiwan)",,,,
JMD200309,第八卷第九期2003/9給悲傷一個出口-疼惜喪親者,,"愛家基金會(Focus on the Family, Taiwan)",,,,
JMD200310,第八卷第十期2003/10從相異到相融-談夫妻差異,,"愛家基金會(Focus on the Family, Taiwan)",,,,
JMD200311,第八卷第十一期2003/11如何教養獨生子女？,,"愛家基金會(Focus on the Family, Taiwan)",,,,
JMD200312,第八卷第十二期2003/12用愛編織家庭故事,,"愛家基金會(Focus on the Family, Taiwan)",,,,
SMB9005,新歌頌揚,,,,,,